approve,issue_slug,issue_title,date,page,score,candidate_highlight
,1959-06-10-issue-2,"Midwest Racing News - June 10, 1959",1959-06-10,page_005,8,"aa J , | es |Melius Wins Cedarburg’s _"
,1959-06-10-issue-2,"Midwest Racing News - June 10, 1959",1959-06-10,front_cover,5,"4 s os : “ ans EO rts CC Pa., continued his record smg-."
,1959-06-10-issue-2,"Midwest Racing News - June 10, 1959",1959-06-10,front_cover,5,® eS as a Bob EAP 8 tl in winning the pole positisn.
,1959-06-10-issue-2,"Midwest Racing News - June 10, 1959",1959-06-10,page_005,5,", time since 1937. . Entrop’s record performance culminated six || 88 8 0 0 8 RG"
,1959-06-10-issue-2,"Midwest Racing News - June 10, 1959",1959-06-10,page_005,5,tract aegis UC Opecia Second Feature Event
,1959-06-10-issue-2,"Midwest Racing News - June 10, 1959",1959-06-10,page_005,5,"year, when the 88 miler is com-| ayailable for. both the Winne- and TRUCKS g ger af. Pp"
,1959-06-10-issue-2,"Midwest Racing News - June 10, 1959",1959-06-10,page_006,5,"“event, Barzda and Tearing| TIONAL CHAMPIONSHIP 20.. Bobby Veith, Oakland, ; tag 8"
,1959-06-10-issue-2,"Midwest Racing News - June 10, 1959",1959-06-10,page_006,5,"OP eg pe Oo Champion Sp.\Plg. $50; Fire-j] “70 o,. tl"
,1959-06-10-issue-2,"Midwest Racing News - June 10, 1959",1959-06-10,page_007,5,"pany all a order: to Hery ar rsall, N y No e feature this 21 f oad Ameri run off ° UL."
,1959-06-10-issue-2,"Midwest Racing News - June 10, 1959",1959-06-10,page_007,5,"2 : : Paani Wis., a Nystrom, Gate i ee Winkiey: ‘s ="
,1959-06-10-issue-2,"Midwest Racing News - June 10, 1959",1959-06-10,page_004,4,So atch tom Bie comnatition (22 the. near record’ time of 1| 1959 Point Standings as of Jade Not Born i Sa ys L - Ro. oa |:
,1959-06-10-issue-2,"Midwest Racing News - June 10, 1959",1959-06-10,page_004,3,Drag __[attersall Takes Feature AIDS ||[MorOR MAIDS
,1959-06-17-issue-3,"Midwest Racing News - June 17, 1959",1959-06-17,page_002,8,Eddie Stillman Duplicates | tey veticer”cona'eaity r-| MELIUS WINS SECOND —
,1959-06-17-issue-3,"Midwest Racing News - June 17, 1959",1959-06-17,page_007,8,VrRToements | L iti : WILHELMIE WINS |
,1959-06-17-issue-3,"Midwest Racing News - June 17, 1959",1959-06-17,front_cover,5,fee Cf CCsCé#N tinued his. winning streak here -
,1959-06-17-issue-3,"Midwest Racing News - June 17, 1959",1959-06-17,front_cover,5,a hd em 2 [fourth feature —ra0g Sunday
,1959-06-17-issue-3,"Midwest Racing News - June 17, 1959",1959-06-17,front_cover,5,cs SS. eo Pe ee ~~ ing lead in feature
,1959-06-17-issue-3,"Midwest Racing News - June 17, 1959",1959-06-17,page_002,5,"Le ak oe Ir"" eee | ‘ - point standings at Haes Corners) spinning out dur-"
,1959-06-17-issue-3,"Midwest Racing News - June 17, 1959",1959-06-17,page_002,5,": 1 Aq a we B' Tee is i << ing feature event. Cars passing are No. 47, Verlyn"
,1959-06-17-issue-3,"Midwest Racing News - June 17, 1959",1959-06-17,page_002,5,"Hales Corners Win unas"". |STRAIGHT AT CEDARBURG"
,1959-06-17-issue-3,"Midwest Racing News - June 17, 1959",1959-06-17,page_003,5,- : or’ se BNE the winner with Fred Dunk. .
,1959-06-17-issue-3,"Midwest Racing News - June 17, 1959",1959-06-17,page_003,5,: = Photo shows start of accident during semi-feature at! were on hand for the evening’s
,1959-06-17-issue-3,"Midwest Racing News - June 17, 1959",1959-06-17,page_003,5,"Bier i , : i . POINT STANDINGS!"
,1959-06-17-issue-3,"Midwest Racing News - June 17, 1959",1959-06-17,page_003,5,All 10 ‘ » First | Positioned in such a manner that | two feature events at Wauke- “s ers
,1959-06-17-issue-3,"Midwest Racing News - June 17, 1959",1959-06-17,page_004,5,» Union Urove Drag Nesulls. _ Winnedago Marathon
,1959-06-17-issue-3,"Midwest Racing News - June 17, 1959",1959-06-17,page_004,5,mile asphalt speedway is Weds . LAKE AUTO PARTS Apes Ges Reaaiies Ware “whi
,1959-06-17-issue-3,"Midwest Racing News - June 17, 1959",1959-06-17,page_004,5,"is at Raceway Park, Blue Is- A < and .TRUCKS Jamip the starfine Hag. Tn, the third ; ‘"
,1959-06-17-issue-3,"Midwest Racing News - June 17, 1959",1959-06-17,page_005,5,"| a’ Ee Results 3. Billy Horstmeyer, Madi-|C@"" No. 22, 27 points,"
,1959-06-17-issue-3,"Midwest Racing News - June 17, 1959",1959-06-17,page_005,5,most challenging experience. 7 . a i wae te ie ‘win- I. M. C. A. Schedule
,1959-06-17-issue-3,"Midwest Racing News - June 17, 1959",1959-06-17,page_005,5,"most annoying type of enter- honors at Slinger last Sunday | cleared and the dust settled,"
,1959-06-17-issue-3,"Midwest Racing News - June 17, 1959",1959-06-17,page_007,5,r ible # ‘ é - Eri ne 2 me a —s Overall winner will receive .
,1959-06-17-issue-3,"Midwest Racing News - June 17, 1959",1959-06-17,page_007,5,win bewke Javem wae _ {STAR New-Late Model stock} Paulsen had charge until the eae. .
,1959-06-17-issue-3,"Midwest Racing News - June 17, 1959",1959-06-17,page_007,5,"@ : Lutz all evening, but never cceond ices oem ea champion EVERY WEDNESDAY NITE —"
,1959-06-17-issue-3,"Midwest Racing News - June 17, 1959",1959-06-17,page_007,5,"| J \ land, Ind. (56 Buick) in that] 9 gy - HALES CORNERS SPEEDWAY"
,1959-06-17-issue-3,"Midwest Racing News - June 17, 1959",1959-06-17,page_007,5,"“WINNER, 14TH AAA TraFFic | /Y’s green flag found Dick Hoff , ; a"
,1959-06-17-issue-3,"Midwest Racing News - June 17, 1959",1959-06-17,page_007,5,; but Kenny Paulsen of Stone{ Terrafine. Time 2:56.70. ; . WAUKEGAN SPEEDWAY ‘
,1959-06-17-issue-3,"Midwest Racing News - June 17, 1959",1959-06-17,page_002,4,"Saturday night to become the | Ansell, battle for the lead. arn publie street or highway. are feature race at the Cedargurg| home the victor, ~with Stillman."
,1959-06-17-issue-3,"Midwest Racing News - June 17, 1959",1959-06-17,page_006,4,away. He’ then went onto win wt happen to A onleer guys tay Ga: a a ea oer in the point standings as he| Time 7:27.59. 7
,1959-06-24-issue-4,"Midwest Racing News - June 24, 1959",1959-06-24,page_005,8,_ RATASCZYK STOPS = Boyce Double Winners
,1959-06-24-issue-4,"Midwest Racing News - June 24, 1959",1959-06-24,page_005,8,: LUTZ TAKES FEATURE iba ta Ape eh
,1959-06-24-issue-4,"Midwest Racing News - June 24, 1959",1959-06-24,page_006,8,"en lg A well happen, | WL head on. Wilhelmie was | sack record at Raceway. dr"
,1959-06-24-issue-4,"Midwest Racing News - June 24, 1959",1959-06-24,page_007,8,‘waukee took feature honors] Jerne Minzlaff —-50 Jerry Nickel — 25 vt ae Oe 8 d-
,1959-06-24-issue-4,"Midwest Racing News - June 24, 1959",1959-06-24,page_003,5,"“<> YS MEADOWDALE inteenarionat RACEWAYS. carpenrersviue, 1"
,1959-06-24-issue-4,"Midwest Racing News - June 24, 1959",1959-06-24,page_005,5,) - eee Photo shows close battle for feature lead at. Cedar-
,1959-06-24-issue-4,"Midwest Racing News - June 24, 1959",1959-06-24,page_006,5,THE wt Bp a 4.3. | at the Indianapolis speedway Bill W : HK. able... ot ge
,1959-06-24-issue-4,"Midwest Racing News - June 24, 1959",1959-06-24,page_006,5,"Co. in Kenosha, pS ge. ‘ RESULTS | while George Sellery of West- | 5! ne 20 See E"
,1959-06-24-issue-4,"Midwest Racing News - June 24, 1959",1959-06-24,page_007,5,‘class G victor in the produc-| Bil] Lescheck 45 Verne Berry — 15 ae seb en mee PM is
,1959-06-24-issue-4,"Midwest Racing News - June 24, 1959",1959-06-24,page_007,5,"Victor, 8, Carl Mueller. ogg ainting and Body Repair ||| EVERY SATURDAY NITE — _"
,1959-06-24-issue-4,"Midwest Racing News - June 24, 1959",1959-06-24,page_007,5,"“a, Fiat Windridge; 2, Bob Don Ken Tlougan — 745 ~ Ww -- -"
,1959-06-24-issue-4,"Midwest Racing News - June 24, 1959",1959-06-24,page_003,4,; _ « # In an added event following the 25 lap feature last
,1959-06-24-issue-4,"Midwest Racing News - June 24, 1959",1959-06-24,page_004,4,"_ times during th event. Biertzer| event was clocked at 48.24) The seventh program of mo-| who has 795. Milt Curcio, Ra- lowing et pape feature..1 3s"
,1959-06-24-issue-4,"Midwest Racing News - June 24, 1959",1959-06-24,page_005,4,"_ had participated. in since the|ing the race, hit the wall and ading “Jumpin’ Johnnie Pef-| feature victory of the week, as"
,1959-06-24-issue-4,"Midwest Racing News - June 24, 1959",1959-06-24,page_005,4,"tajczyk fought it out from the| Ed Irving won the semi-fea- Feature — Bob. Ratajezyk, | Jeff Dunham, 9, Big Bend, won} the victor of the feature race."
,1959-06-24-issue-4,"Midwest Racing News - June 24, 1959",1959-06-24,page_006,4,park was the showing of big sprint car championships. Be- who turned in the fastest time| brakes gave out on the 3rd of de201. : E
,1959-07-01-issue-5,"Midwest Racing News - July 1, 1959",1959-07-01,page_002,8,MOBERG WINS _. SENTINEL-MARATHON FINISHES Mee ress
,1959-07-01-issue-5,"Midwest Racing News - July 1, 1959",1959-07-01,page_003,8,ons eet a (74|Fran Seamars Wins
,1959-07-01-issue-5,"Midwest Racing News - July 1, 1959",1959-07-01,page_004,8,I 7 ytillman Feature Victor a.
,1959-07-01-issue-5,"Midwest Racing News - July 1, 1959",1959-07-01,page_006,8,GREAT LAKES FE. KLEMP WINS tes: ciass “rice Bentssin car-|] J & H_AUTO
,1959-07-01-issue-5,"Midwest Racing News - July 1, 1959",1959-07-01,page_003,7,eee ae a Roy- feature wins in a row tonight. trouble early in the season in| from the race. Spectator vacing again Te .
,1959-07-01-issue-5,"Midwest Racing News - July 1, 1959",1959-07-01,back_cover,5,"TOP PHOTO: Aerial view of Sentinel-Winnebagoland Start. , _"
,1959-07-01-issue-5,"Midwest Racing News - July 1, 1959",1959-07-01,front_cover,5,"7 Sentinel Mai BOTTOM — M ‘winners, left’to right, :"
,1959-07-01-issue-5,"Midwest Racing News - July 1, 1959",1959-07-01,front_cover,5,"' 3 ~~ Gerald Van Conant, Class 36 Champion, Roya 2. ak, Michi"
,1959-07-01-issue-5,"Midwest Racing News - July 1, 1959",1959-07-01,front_cover,5,", - ; Bruce Alexander, Class A Champion, Toledo, Ohio ;"
,1959-07-01-issue-5,"Midwest Racing News - July 1, 1959",1959-07-01,front_cover,5,"i ike Harris, Class C Champion, Fort Wayne, Indiana;"
,1959-07-01-issue-5,"Midwest Racing News - July 1, 1959",1959-07-01,front_cover,5,", Me Miller, Class B Champion, Trenton, Michigan; Ted erg,"
,1959-07-01-issue-5,"Midwest Racing News - July 1, 1959",1959-07-01,front_cover,5,"; . Glass D Champion, Mitwaukee. ."
,1959-07-01-issue-5,"Midwest Racing News - July 1, 1959",1959-07-01,page_002,5,Moberg drove the same Class} Victor in Class 36 was Ger- . = ee ae a a
,1959-07-01-issue-5,"Midwest Racing News - July 1, 1959",1959-07-01,page_003,5,; during the feature event. Car No. 1000 is Bob Ra-
,1959-07-01-issue-5,"Midwest Racing News - July 1, 1959",1959-07-01,page_003,5,ee Se First Waukegan Feature
,1959-07-01-issue-5,"Midwest Racing News - July 1, 1959",1959-07-01,page_003,5,"- < oe . . yy time winner, and Bobby Rataj-| involved in a collision on the"
,1959-07-01-issue-5,"Midwest Racing News - July 1, 1959",1959-07-01,page_003,5,"mF a es orners : ven ol ee czyk, a two time winner, both|back stretch which sent his"
,1959-07-01-issue-5,"Midwest Racing News - July 1, 1959",1959-07-01,page_004,5,His combat record began on: se
,1959-07-01-issue-5,"Midwest Racing News - July 1, 1959",1959-07-01,page_006,5,rc ee Bend the leader and winner| flag for 1st place. After the
,1959-07-01-issue-5,"Midwest Racing News - July 1, 1959",1959-07-01,page_006,5,"' for winning the main event at the State Fair Park., Starter Peffer. | thes day: ee: op S"
,1959-07-01-issue-5,"Midwest Racing News - July 1, 1959",1959-07-01,page_006,5,AG R FEATURE AT SLINGER [i772 sto cove sore ears
,1959-07-01-issue-5,"Midwest Racing News - July 1, 1959",1959-07-01,page_006,5,": : a Heat winners — 1st heat,jlf | 4"
,1959-07-01-issue-5,"Midwest Racing News - July 1, 1959",1959-07-01,page_006,5,: - 11.44 - ‘ ih are open tne Tollowin s : ‘
,1959-07-01-issue-5,"Midwest Racing News - July 1, 1959",1959-07-01,page_007,5,"the following issue unless ac- ' : eature, aps —— — sutZ"
,1959-07-01-issue-5,"Midwest Racing News - July 1, 1959",1959-07-01,page_007,5,be taken to avoid typographi- __.. feature event. Pe a Dany 7:44.45 een i ae
,1959-07-01-issue-5,"Midwest Racing News - July 1, 1959",1959-07-01,page_007,5,: : Following runnerup Marmor. Laznick nae DS E ag :
,1959-07-01-issue-5,"Midwest Racing News - July 1, 1959",1959-07-01,page_003,4,"vo, MP. H. Several spiaputs and: Ratajczyk Repeats credit with three wins at Wau-| wide, spun in the main} The evening’s attenaance"
,1959-07-01-issue-5,"Midwest Racing News - July 1, 1959",1959-07-01,page_003,4,Earl Gish of West Allis slam-| Ratajezyk have two wins a-| ered Chevrolet with the famil-| and collided with Erik Johnson | fair that knocked several cars
,1959-07-01-issue-5,"Midwest Racing News - July 1, 1959",1959-07-01,page_003,3,": Frank Thrune of Thiensville| the lead in feature wins at the} tion properly. The sleek red,| curred in the 17th lap when of Petite Lake coming home"
,1959-07-01-issue-5,"Midwest Racing News - July 1, 1959",1959-07-01,page_004,3,"i ee : ar | the semi-final ‘and feature but | ""@°° winners—-ist John Garner"
,1959-07-08-issue-6,"Midwest Racing News - July 8, 1959",1959-07-08,page_007,8,ae The mal point battle m| hundred dollars more than VICTOR 2 HALES CORNERS SPEEDWAY ne
,1959-07-08-issue-6,"Midwest Racing News - July 8, 1959",1959-07-08,back_cover,5,- . - - Pontiac jand National and O’Hare champion Fred Lorenzen
,1959-07-08-issue-6,"Midwest Racing News - July 8, 1959",1959-07-08,front_cover,5,"S : Oe ge gg a, Pr ie : ace ‘ | - trophy for victory in !"
,1959-07-08-issue-6,"Midwest Racing News - July 8, 1959",1959-07-08,page_002,5,"ae eee, a os five-time champion Juan Fan- of sixth place finishes :"
,1959-07-08-issue-6,"Midwest Racing News - July 8, 1959",1959-07-08,page_002,5,Fm I DP ec ns retired and 1058 winner nes
,1959-07-08-issue-6,"Midwest Racing News - July 8, 1959",1959-07-08,page_002,5,; ——— Te Lead W ith DePere Win Hawkeye Fairgrounds in Bur~
,1959-07-08-issue-6,"Midwest Racing News - July 8, 1959",1959-07-08,page_003,5,"—— | 126.76 mph, this car holds the track record™for.. A"
,1959-07-08-issue-6,"Midwest Racing News - July 8, 1959",1959-07-08,page_003,5,atl Championship NOULLAHIUN | ake SOPs.
,1959-07-08-issue-6,"Midwest Racing News - July 8, 1959",1959-07-08,page_005,5,"ad 7 of iron,, half on the track, andj to win the event with Alan_"
,1959-07-08-issue-6,"Midwest Racing News - July 8, 1959",1959-07-08,page_005,5,half over the concrete retain-| Bryant of Winthrop Harbor
,1959-07-08-issue-6,"Midwest Racing News - July 8, 1959",1959-07-08,page_006,5,SPEEDWAYS FOR... ff. $2 50 = Subscription Blank : —
,1959-07-08-issue-6,"Midwest Racing News - July 8, 1959",1959-07-08,page_007,5,"MIDGET FRAME, channel-| feature race along with the} ing a field of 60 cars and driv- |"
,1959-07-08-issue-6,"Midwest Racing News - July 8, 1959",1959-07-08,page_007,5,with approximately 15 drivers Road and Skokie Highway. . yemaniiess was a double winner ‘
,1959-07-08-issue-6,"Midwest Racing News - July 8, 1959",1959-07-08,page_002,4,"porepletely the, iensonaley ie Ill, and DeQuoin, Tl. “| championship atO’Hare Field, paced his bee to victory Lea ny Morgan, Beaumont, Tex.,"
,1959-07-08-issue-6,"Midwest Racing News - July 8, 1959",1959-07-08,page_002,4,"old. : until a blown tire tossed his] wins, it won’t be too much of|ing behind Derr were Dick | ny Behnken, Anita, Ia. 757 ,"
,1959-07-08-issue-6,"Midwest Racing News - July 8, 1959",1959-07-08,page_005,4,Waukegan feature win of the! to Jast ‘position. Red Doyle of | the first heat event of the eve-| d the front Pp d on Published by ‘
,1959-07-08-issue-6,"Midwest Racing News - July 8, 1959",1959-07-08,page_007,4,7 ° ts of race dates will ear Fellow Auto Enthuisast: The show will. have 14 clas-|§ owing. athy eld five young tonight at. Rockford Speedway .
,1959-07-08-issue-6,"Midwest Racing News - July 8, 1959",1959-07-08,page_007,4,"held Sunday night, July 12. amount of. cars and drivers urday s feature winner has the _ =... | an oS ei"
,1959-07-15-issue-7,"Midwest Racing News - July 15, 1959",1959-07-15,front_cover,5,Poste & oe “ ‘ “6 ; the honors :
,1959-07-15-issue-7,"Midwest Racing News - July 15, 1959",1959-07-15,page_002,5,": _ ers, determined according ‘to: Carl Kulow of Plymouth,| ut of feature competition."
,1959-07-15-issue-7,"Midwest Racing News - July 15, 1959",1959-07-15,page_002,5,"; ; , ° he had his’ first feature race loose. Stillman, who was i"
,1959-07-15-issue-7,"Midwest Racing News - July 15, 1959",1959-07-15,page_003,5,". . : FF rt — . . waukee, and zy Fassbender double’ winner of the night,"
,1959-07-15-issue-7,"Midwest Racing News - July 15, 1959",1959-07-15,page_004,5,i. rrrsr—“‘aCSCSC |. fee NATIONAL CHAMPIONSHIP ;
,1959-07-15-issue-7,"Midwest Racing News - July 15, 1959",1959-07-15,page_004,5,"oe will be made to the fastest qualifier and winner of each of the . i. i Re ae, ree"
,1959-07-15-issue-7,"Midwest Racing News - July 15, 1959",1959-07-15,page_004,5,seven foot trophy seen on the right will go to the winner of the . ay : feat Wet
,1959-07-15-issue-7,"Midwest Racing News - July 15, 1959",1959-07-15,page_005,5,SPOTL CHT DOUBLE WINNERS : AT | a4 . §
,1959-07-15-issue-7,"Midwest Racing News - July 15, 1959",1959-07-15,page_005,5,4 2... | driving in winning the 3rd and - |Landy Scott battling for sec-
,1959-07-15-issue-7,"Midwest Racing News - July 15, 1959",1959-07-15,page_006,5,Sle eT = POINT STANDINGS ©
,1959-07-15-issue-7,"Midwest Racing News - July 15, 1959",1959-07-15,page_009,5,-. In the “NASCAR Interna-| Clared the winner by IMCA offi- ol a. oe - - FF
,1959-07-15-issue-7,"Midwest Racing News - July 15, 1959",1959-07-15,page_009,5,"comes Saturday and Sunday,} Aires, Argentina winning in a 9 a. m. till noon :"
,1959-07-15-issue-7,"Midwest Racing News - July 15, 1959",1959-07-15,page_002,4,oo Corners win of the season.|™Ph off the 50 lap record set when a pinion gear broke dur-
,1959-07-15-issue-7,"Midwest Racing News - July 15, 1959",1959-07-15,page_002,4,‘championship win. at Hales where he is and not run you At D when the rear end gave out two} The win for Fassbender was an
,1959-07-15-issue-7,"Midwest Racing News - July 15, 1959",1959-07-15,page_002,4,". Feller Win C c . both drove Corvettes. Jeffords | either. Side by side, down the record was held by Don Klug"
,1959-07-15-issue-7,"Midwest Racing News - July 15, 1959",1959-07-15,page_003,4,"_ and Bryan, his second since he Nelson Stacey, Cincinnati, 0.;| 55 come to a head. Nelson Sta-| feature victory of the season | zen. a"
,1959-07-15-issue-7,"Midwest Racing News - July 15, 1959",1959-07-15,page_005,4,"in a row in the 50 lap feature, emerging the winner in the"
,1959-07-15-issue-7,"Midwest Racing News - July 15, 1959",1959-07-15,page_005,4,"and victory. Jim Dentici and| ture, turned in the fastest no-|5 — Jim Scharmer, Milwaukee. Winkle who was thrown for a| 30.99; 5. Ernie Derr, Keokuk,"
,1959-07-15-issue-7,"Midwest Racing News - July 15, 1959",1959-07-15,page_006,4,"ne neon Te ago, Melins is PY| SCORES PAIR OF WINS . | cvcraced 43.08 saph. in win | Promoter John Kaishian is ex-| ton, who dropped from first to"
,1959-07-15-issue-7,"Midwest Racing News - July 15, 1959",1959-07-15,page_006,4,"ing to entangle himself from | semi-feature but no driver was. WAUKEGAN TRACK Erik Johnson, Jack Frost, Fran}ing their record-shattering"
,1959-07-15-issue-7,"Midwest Racing News - July 15, 1959",1959-07-15,page_009,4,"& ‘withdraw any advertisement at | 1958 U.S. Champion, holding two world records in} OOO"
,1959-07-22-issue-8,"Midwest Racing News - July 22, 1959",1959-07-22,page_005,8,"eagndard Retwine CHEN: at the finish were, in.. order, Slinger Feature : """
,1959-07-22-issue-8,"Midwest Racing News - July 22, 1959",1959-07-22,page_007,7,"e reserves the right to refuse or The black No. 13 driven by has been the only driver to win championship point standings,"
,1959-07-22-issue-8,"Midwest Racing News - July 22, 1959",1959-07-22,front_cover,5,Co ek ee Oldenburg. Eventual win-
,1959-07-22-issue-8,"Midwest Racing News - July 22, 1959",1959-07-22,front_cover,5,ss. _ _ = i =. ee celving tr ophy for win-
,1959-07-22-issue-8,"Midwest Racing News - July 22, 1959",1959-07-22,page_002,5,"io 2 Bi”. le a@® Pe. 8 (7a ee TiS WINN | ITAORTIT, asain sic"
,1959-07-22-issue-8,"Midwest Racing News - July 22, 1959",1959-07-22,page_002,5,= ts; events by winning th: ep of the stock pe D 92:3
,1959-07-22-issue-8,"Midwest Racing News - July 22, 1959",1959-07-22,page_002,5,et of the + a the | nally tne job in| point standin championship | dri e as the am
,1959-07-22-issue-8,"Midwest Racing News - July 22, 1959",1959-07-22,page_002,5,Jame: : ' the race. Dick race as drive : standings on t : rivers battled i atuer
,1959-07-22-issue-8,"Midwest Racing News - July 22, 1959",1959-07-22,page_002,5,"t i the third heat race i . SUN of Zion placed went out to win: eek | Il of Schiller Park,"
,1959-07-22-issue-8,"Midwest Racing News - July 22, 1959",1959-07-22,page_002,5,"tim ri, a first __ 17.83. pper. @, wine F li of y Roy Martinel- ."
,1959-07-22-issue-8,"Midwest Racing News - July 22, 1959",1959-07-22,page_003,5,"ae eer cy Co race at the Cedarburg Raceway Wednesday night, ~"
,1959-07-22-issue-8,"Midwest Racing News - July 22, 1959",1959-07-22,page_003,5,", BEFORE RECORD 5,550 | Ro ae"
,1959-07-22-issue-8,"Midwest Racing News - July 22, 1959",1959-07-22,page_003,5,fore an all-time record crowd! was established in the semi|f 5139. 9 — ; : we os
,1959-07-22-issue-8,"Midwest Racing News - July 22, 1959",1959-07-22,page_003,5,- Lorene ste sees oerett | FASSBENDER TAKES iv suc2P one
,1959-07-22-issue-8,"Midwest Racing News - July 22, 1959",1959-07-22,page_003,5,"oe : wasted little time in surging — _|winners — Jim Dentici and,"
,1959-07-22-issue-8,"Midwest Racing News - July 22, 1959",1959-07-22,page_004,5,_ & a ... MOORE TAKES F IRST tl Ney catia omg J . .
,1959-07-22-issue-8,"Midwest Racing News - July 22, 1959",1959-07-22,page_004,5,ay ..™™rUtrt ROHN VICTOR SUNDAY —_~ - Thang. Rick Seale ee a
,1959-07-22-issue-8,"Midwest Racing News - July 22, 1959",1959-07-22,page_004,5,S.-Y “ae” «J ae Bobby Peffer took the 1st heat | yy Petter was the victor with” yp
,1959-07-22-issue-8,"Midwest Racing News - July 22, 1959",1959-07-22,page_004,5,"the finish insofar as winning| 8. Gor a it wall); 34. Mel Lane, |My a . oa"
,1959-07-22-issue-8,"Midwest Racing News - July 22, 1959",1959-07-22,page_005,5,"9 i . - a"" ; . : _ at the Hales Corners Speedway wich a dae porn cota Sadie"
,1959-07-22-issue-8,"Midwest Racing News - July 22, 1959",1959-07-22,page_005,5,"champion, Bill Lutz of Louis- | (oey men ot egos nine ASsvender 1aKkes—"
,1959-07-22-issue-8,"Midwest Racing News - July 22, 1959",1959-07-22,page_005,5,_ Finally winning out and g0-| Whitey Gerken of Chicago (’56 ; ot OF
,1959-07-22-issue-8,"Midwest Racing News - July 22, 1959",1959-07-22,page_006,5,~~ Modified Point Standings =>
,1959-07-22-issue-8,"Midwest Racing News - July 22, 1959",1959-07-22,page_006,5,| \SPEEDWAYS FOR $2.50 = - Spbschpbon Bleak ae
,1959-07-22-issue-8,"Midwest Racing News - July 22, 1959",1959-07-22,page_007,5,"er, Wis.; 2. Milt Curcio, Racine, | . . Ve WAUKEGAN SPEEDWAY"
,1959-07-22-issue-8,"Midwest Racing News - July 22, 1959",1959-07-22,page_007,5,", Semi Feature Brought to youby | —_"
,1959-07-22-issue-8,"Midwest Racing News - July 22, 1959",1959-07-22,page_007,5,"_ 2. Dick Vanderspool, Grays- | , MIDWEST SPEEDWAYS, INC. ,"
,1959-07-22-issue-8,"Midwest Racing News - July 22, 1959",1959-07-22,page_002,4,"ee B.M.AR.A. took 99. — Billy Wood — 17.85 YORK WINS SEMI, HEAT stage Siow parpwtdly denlish- Hof Haltiey Coseies) i"
,1959-07-22-issue-8,"Midwest Racing News - July 22, 1959",1959-07-22,page_003,4,"day night, July 15. Kulow took| Garner of Muskego. omer Ans-| Which featured 16 strictly | Slinger, score his first win of amr one. the aint < wau mal"
,1959-07-22-issue-8,"Midwest Racing News - July 22, 1959",1959-07-22,page_003,4,"at Cedarburg, as he averaged| sell, Garner winning the second| kee emerge victorious after|for restarting in the event, ooh: o. 5 John Garner,"
,1959-07-22-issue-8,"Midwest Racing News - July 22, 1959",1959-07-22,page_003,4,of Slinger. fastest qualifying time of the| record for Cedarburg Raceway.! that happened in a stock car S tttiion Bur Sse oe %
,1959-07-22-issue-8,"Midwest Racing News - July 22, 1959",1959-07-22,front_cover,3,"° fc 2 lhlUlUDCUUClUe or i C—™~t<—SC*C#C Ci wins an auto race, he wins it"
,1959-07-22-issue-8,"Midwest Racing News - July 22, 1959",1959-07-22,front_cover,3,: ee — i ee ey ABR er reget estan be Ge ee eee necro a. championship | racing’ win
,1959-07-22-issue-8,"Midwest Racing News - July 22, 1959",1959-07-22,page_005,3,utz Uut-Duels Lorenzen; Wins (°°) *fogram ‘veschedule
,1959-07-22-issue-8,"Midwest Racing News - July 22, 1959",1959-07-22,page_007,3,- Feature : : y Z :
,1959-07-29-issue-9,"Midwest Racing News - July 29, 1959",1959-07-29,front_cover,8,MIS AL i sa ae ee Hartman Wins ‘Semi.
,1959-07-29-issue-9,"Midwest Racing News - July 29, 1959",1959-07-29,page_002,8,-. a > i if f feature event of the evening| hands in winning the 2nd 10. —
,1959-07-29-issue-9,"Midwest Racing News - July 29, 1959",1959-07-29,front_cover,5,id wd oe SG ah ee 8 | semi-feature. over. Dale! Klein-
,1959-07-29-issue-9,"Midwest Racing News - July 29, 1959",1959-07-29,front_cover,5,"a a Gp CS : ae “ : » cars in the feature race,"
,1959-07-29-issue-9,"Midwest Racing News - July 29, 1959",1959-07-29,front_cover,5,a — . & Se Cae «hk Fe ale Emerging victorious from.
,1959-07-29-issue-9,"Midwest Racing News - July 29, 1959",1959-07-29,page_002,5,Mike Ladd Cops Feature at
,1959-07-29-issue-9,"Midwest Racing News - July 29, 1959",1959-07-29,page_002,5,oF Oe Cl Urrrrrrss—sSSt CCC Clements was uninjured. and] Results: ;
,1959-07-29-issue-9,"Midwest Racing News - July 29, 1959",1959-07-29,page_002,5,"—— =. ee Ea other victor of the evening.|19.53; Gene Russo, Kenosha,"
,1959-07-29-issue-9,"Midwest Racing News - July 29, 1959",1959-07-29,page_003,5,"darburg Raceway on Wednesday night, July 22. Af-| car, and sailed about ‘30 feet"
,1959-07-29-issue-9,"Midwest Racing News - July 29, 1959",1959-07-29,page_003,5,a -. the feature race an obstacle course and put several) ioong and Rataiez yk Saisie bs
,1959-07-29-issue-9,"Midwest Racing News - July 29, 1959",1959-07-29,page_003,5,— =. other top favorites out of the running. Among them] tpird.’ Other heat winners in-
,1959-07-29-issue-9,"Midwest Racing News - July 29, 1959",1959-07-29,page_003,5,“many midget honors he num-| outfit who can get through|they improved as they went aw DA
,1959-07-29-issue-9,"Midwest Racing News - July 29, 1959",1959-07-29,page_004,5,"the win. In a = a Billy Johnson, Paul. Muehl. eee Al Feller, 3:12.55. _ cs ae P 58 pe ag"
,1959-07-29-issue-9,"Midwest Racing News - July 29, 1959",1959-07-29,page_005,5,| AT WII MOT | Ba GR AND FORKS VICTORY . Here is an addition to your
,1959-07-29-issue-9,"Midwest Racing News - July 29, 1959",1959-07-29,page_005,5,"moat of our Feature Races, Ac| Srd, PhilPalumbs ers Od, a Ja"
,1959-07-29-issue-9,"Midwest Racing News - July 29, 1959",1959-07-29,page_005,5,"Ath, Horstmeyer Semi-Feature: eo _.- meee gg , :"
,1959-07-29-issue-9,"Midwest Racing News - July 29, 1959",1959-07-29,page_005,5,"Ist. Heat: 2nd, Walt Winekie ~ =? So :"
,1959-07-29-issue-9,"Midwest Racing News - July 29, 1959",1959-07-29,page_005,5,a ee are open the following =: AUTO a . 1845 WEST ts iq :
,1959-07-29-issue-9,"Midwest Racing News - July 29, 1959",1959-07-29,page_006,5,Modified Point Standings *
,1959-07-29-issue-9,"Midwest Racing News - July 29, 1959",1959-07-29,page_007,5,pe eset! (TSE ato wm — non] 6 snot) SEAR Stock Car Point Standings
,1959-07-29-issue-9,"Midwest Racing News - July 29, 1959",1959-07-29,page_003,4,". it : _ | seored his first feature win of the season at the Ce-| Feller, rede up onto Feller’s -"
,1959-07-29-issue-9,"Midwest Racing News - July 29, 1959",1959-07-29,page_005,4,"_ to arecord purse to compensate for a record number| Forks State Fair, July 19. It was a wild and woly. half-mile dirt speedway of the"
,1959-07-29-issue-9,"Midwest Racing News - July 29, 1959",1959-07-29,front_cover,3,: eee ee La eg artman Wins ba
,1959-08-05-issue-10,"Midwest Racing News - August 5, 1959",1959-08-05,page_003,8,"HALES CORNERS WIN Sieur, MIDGET? FEATURE ="
,1959-08-05-issue-10,"Midwest Racing News - August 5, 1959",1959-08-05,back_cover,5,Wood was the eventual winner-as he made a:clean sweep of me ' a He
,1959-08-05-issue-10,"Midwest Racing News - August 5, 1959",1959-08-05,front_cover,5,OM tue win as he increases —
,1959-08-05-issue-10,"Midwest Racing News - August 5, 1959",1959-08-05,front_cover,5,ee — oe ; Photos by Armin Krueget season championship.
,1959-08-05-issue-10,"Midwest Racing News - August 5, 1959",1959-08-05,page_002,5,Heat vace winners were Jeff}ed up on the homestretch and | pair of swimming trunks he :
,1959-08-05-issue-10,"Midwest Racing News - August 5, 1959",1959-08-05,page_002,5,"Homer Ansell, Milwaukes, | Fassbender. 49.18 mph. for towing, and headed home- . _—_ . Z"
,1959-08-05-issue-10,"Midwest Racing News - August 5, 1959",1959-08-05,page_003,5,. ser paid to competing drivers. entzien went on. to win the ger Moore — .
,1959-08-05-issue-10,"Midwest Racing News - August 5, 1959",1959-08-05,page_003,5,oi <| Can You the second place winners or | Billy Rohn — 107.
,1959-08-05-issue-10,"Midwest Racing News - August 5, 1959",1959-08-05,page_004,5,Jories of Whitewater took the | declared the winner. Wood had| DRIVERS — POINTS — =
,1959-08-05-issue-10,"Midwest Racing News - August 5, 1959",1959-08-05,page_004,5,"won the Feature event with |) | est . par he i i te ae 2 ef een, A"
,1959-08-05-issue-10,"Midwest Racing News - August 5, 1959",1959-08-05,page_004,5,"Season Champion”, and also 2nd Heat: 4 érs were hurt and the cars] | uC a Sa"
,1959-08-05-issue-10,"Midwest Racing News - August 5, 1959",1959-08-05,page_004,5,"The winner of the Semi-Fea- | Skokie; ; Yonjuf, Elgin;. Fred Scholtes, ti rn ,"
,1959-08-05-issue-10,"Midwest Racing News - August 5, 1959",1959-08-05,page_007,5,ap GHASuEEPrs LUTZ TAKES NO. 12 — |HURTUBISE SETS BLAZING
,1959-08-05-issue-10,"Midwest Racing News - August 5, 1959",1959-08-05,page_007,5,iieicinm | AT O7HARE STADIUM |winot TIME TRIAL A
,1959-08-05-issue-10,"Midwest Racing News - August 5, 1959",1959-08-05,page_007,5,bé counted as one word. Mini-| victory of the season in the 1957 Tom’s Standard .
,1959-08-05-issue-10,"Midwest Racing News - August 5, 1959",1959-08-05,page_007,5,"the following issue unless ac-| was second. 7 8 a after 5) — 1. Richert, Auto"
,1959-08-05-issue-10,"Midwest Racing News - August 5, 1959",1959-08-05,page_007,5,"Point Standings -— The / : 438. a. _- . . , ee"
,1959-08-05-issue-10,"Midwest Racing News - August 5, 1959",1959-08-05,page_002,4,ee) es ll man Bob Clarkson after winning the 50 lap feature
,1959-08-05-issue-10,"Midwest Racing News - August 5, 1959",1959-08-05,page_003,4,"track champion at Hales Corners in 1957 and again| chine and took the win. Sunday the sun was shining drivers were introduced, Cun- -"
,1959-08-05-issue-10,"Midwest Racing News - August 5, 1959",1959-08-05,page_003,4,point standings to sixth spot.| averaged 50.43° M.P.H. to win| took a commanding lead on the The only girl driver of the} °vent of the afternoon the
,1959-08-05-issue-10,"Midwest Racing News - August 5, 1959",1959-08-05,page_005,4,Waukegan Speedway last | Double points were awarded | ing him out of the race. By the| all the way to win the fourth ;
,1959-08-05-issue-10,"Midwest Racing News - August 5, 1959",1959-08-05,page_005,4,"urrent point leader at the : Clanten wins Semi. cheerin their favorite’ on purse of $1,350 ‘Il b lied -"
,1959-08-05-issue-10,"Midwest Racing News - August 5, 1959",1959-08-05,page_007,4,". ; winners were Barton, Folse, Jack Rounds, Huntington Park, Feature (12-laps) — 1. Shep-"
,1959-08-05-issue-10,"Midwest Racing News - August 5, 1959",1959-08-05,page_004,3,. tT - 9f - | WOOD WINS — =. | Aceording to the rulés of the| SS ae aT AMP yy
,1959-08-05-issue-10,"Midwest Racing News - August 5, 1959",1959-08-05,page_004,3,"Winning this feature race| 28d, Don Carr, Chicago, smashed into Goudie’s car. ; | Tae ~~"
,1959-08-05-issue-10,"Midwest Racing News - August 5, 1959",1959-08-05,page_007,3,"be accepted for the classified |S¢cond off the track record set|Laznick, Joe Savino, Angelo championship sprint car feature. Jim Hurtubise_"
,1959-08-12-issue-11,"Midwest Racing News - August 12, 1959",1959-08-12,page_008,8,| tic changes in the current:point-standings. -A cleamhstraightaway record for the =
,1959-08-12-issue-11,"Midwest Racing News - August 12, 1959",1959-08-12,page_008,7,He also has the know-how as] 2 Pair of feature wins and can. - ; : - Hy. 148 — % mile North of Hy. 57 in 2. -.
,1959-08-12-issue-11,"Midwest Racing News - August 12, 1959",1959-08-12,back_cover,5,Hales Corners Speedway. me
,1959-08-12-issue-11,"Midwest Racing News - August 12, 1959",1959-08-12,front_cover,5,— eae eam i oe UO ae one Ehe| ‘comiper out to win the
,1959-08-12-issue-11,"Midwest Racing News - August 12, 1959",1959-08-12,page_003,5,". WAUKEGAN, A ERS WIN IN ALL EVENTS i ~ al, onan 4. Larson, Larry ‘Clanton,"
,1959-08-12-issue-11,"Midwest Racing News - August 12, 1959",1959-08-12,page_003,5,"starts at-the eature. victory i ao oie , dotz, ""Paul Coen;'* Milwaukee"
,1959-08-12-issue-11,"Midwest Racing News - August 12, 1959",1959-08-12,page_003,5,"iemest oe and also ‘winning his tee » setting the é -. . & J) man, Chaser Bartinctie Tinea"
,1959-08-12-issue-11,"Midwest Racing News - August 12, 1959",1959-08-12,page_003,5,"on e feature. : event, i hm o #8-O8 16%. 4th xMaliue, anes"
,1959-08-12-issue-11,"Midwest Racing News - August 12, 1959",1959-08-12,page_003,5,semi-feature contest and Set wall in a cracked the| reverse gene a itil fore inp | mr a 4
,1959-08-12-issue-11,"Midwest Racing News - August 12, 1959",1959-08-12,page_003,5,on to win the. ent | pact ces and the im- | Lone i it fj Z~ 55
,1959-08-12-issue-11,"Midwest Racing News - August 12, 1959",1959-08-12,page_003,5,"mais OUTLASTS RI, _ { Blundy, Hoyle and D lf. - Hy. 148. — 1% JRG RACEWAY oo"
,1959-08-12-issue-11,"Midwest Racing News - August 12, 1959",1959-08-12,page_003,5,"‘thine was a compl -| Heat winners i _ Shelton, Des Moi Ciel . MI “ - a"
,1959-08-12-issue-11,"Midwest Racing News - August 12, 1959",1959-08-12,page_004,5,my t= te oe ey Fa the semi-feature event. . - — . S ye:
,1959-08-12-issue-11,"Midwest Racing News - August 12, 1959",1959-08-12,page_004,5,". : re | = 2 . P te in IMCA| Murrie, Roger and Terry The Class A feature was won"
,1959-08-12-issue-11,"Midwest Racing News - August 12, 1959",1959-08-12,page_004,5,"| spun out infield, Ehler went feature had to restart, Murrie gee sy"
,1959-08-12-issue-11,"Midwest Racing News - August 12, 1959",1959-08-12,page_004,5,_ y ers held his oe : ae sition to win. Second novice | . :
,1959-08-12-issue-11,"Midwest Racing News - August 12, 1959",1959-08-12,page_004,5,"- fer with Peffer the victor. In| Moore, B. Rohn and D.! yas won by Chuck Clouse. The te :"
,1959-08-12-issue-11,"Midwest Racing News - August 12, 1959",1959-08-12,page_005,5,"Showed Birtake ta test als | 20,l0p5 in the fourth “event, | 39, Sear WAUKEGAN SPEEDWAY"
,1959-08-12-issue-11,"Midwest Racing News - August 12, 1959",1959-08-12,page_006,5,Modified Point Standings =
,1959-08-12-issue-11,"Midwest Racing News - August 12, 1959",1959-08-12,page_006,5,i SPEEDWAYS FOR Ss $2.50 = ‘Subscription Blank =
,1959-08-12-issue-11,"Midwest Racing News - August 12, 1959",1959-08-12,page_007,5,"a - a 2 vert, 28.30. vo Heat winners .. were Arnie}@ as Ler"
,1959-08-12-issue-11,"Midwest Racing News - August 12, 1959",1959-08-12,page_007,5,Champion Fred Lorenzen of]: hance HA - ia fees ist Heat Ty 9:28.99. 8 ro a eo a aa ; ; a
,1959-08-12-issue-11,"Midwest Racing News - August 12, 1959",1959-08-12,page_007,5,"sO MEADOWDALE inTERNATIONAL RACEWAYS caRPENTERSVILLE, ILL. |"
,1959-08-12-issue-11,"Midwest Racing News - August 12, 1959",1959-08-12,page_008,5,| POINT STANDINGS: [20
,1959-08-12-issue-11,"Midwest Racing News - August 12, 1959",1959-08-12,page_008,5,"ft ase boa ' 3. Buzz Barton, Tampa, Fla.| mond, Mo. — 301. — CHAMPIONSHIPS :"
,1959-08-12-issue-11,"Midwest Racing News - August 12, 1959",1959-08-12,page_009,5,| The First and Only Rotary Broach | DONNELLSON tion. Heat winners were Ko-
,1959-08-12-issue-11,"Midwest Racing News - August 12, 1959",1959-08-12,page_009,5,| In Southern Wisconsin A parcel of track records | Pert and Narber.
,1959-08-12-issue-11,"Midwest Racing News - August 12, 1959",1959-08-12,page_009,5,"are open the following * } &. . mie Dern Eph: Bostick. pene, 29.04. wt"
,1959-08-12-issue-11,"Midwest Racing News - August 12, 1959",1959-08-12,page_004,4,"6th annual Speed-O-Rama of, national championshi F «s waek nosted a $00| Club at their track located in| Second. Novice feature won by"
,1959-08-12-issue-11,"Midwest Racing News - August 12, 1959",1959-08-12,page_005,4,"- Tougen gee Nie Don| yet to win a feature at| Ber A-Bike — Doug Dahlke, 65.42. wt oe ?, ry :"
,1959-08-12-issue-11,"Midwest Racing News - August 12, 1959",1959-08-12,page_009,4,"2 twaikes, ‘Wiseonain Midget auto races will be| with the judges’ stand so that over contest will feature strict- feature win Sunday night, but"
,1959-08-12-issue-11,"Midwest Racing News - August 12, 1959",1959-08-12,page_005,3,"TLOUGAN WINS —_—_|Zi25ts""teit tk B[KONRURE TOP |aerten tp"
,1959-08-19-issue-12,"Midwest Racing News - August 19, 1959",1959-08-19,page_003,8,Windy City Championship 2 ors N PPAR
,1959-08-19-issue-12,"Midwest Racing News - August 19, 1959",1959-08-19,page_004,8,"a eS finish, he had some uneasy mo- ‘RESWEBER WINS : be"
,1959-08-19-issue-12,"Midwest Racing News - August 19, 1959",1959-08-19,back_cover,5,". | 7 ita ae os ws sos. the eventual winner. Action was at Fond du Lac, Wis..."
,1959-08-19-issue-12,"Midwest Racing News - August 19, 1959",1959-08-19,front_cover,5,ee fe” | | son’s championship and. the
,1959-08-19-issue-12,"Midwest Racing News - August 19, 1959",1959-08-19,page_002,5,"d of winds up as a small scale de-|- ald P ill, now a. first |). ; “Se"
,1959-08-19-issue-12,"Midwest Racing News - August 19, 1959",1959-08-19,page_003,5,RO. Summary: Fastest qualifiers Two IMCA world’s records were smashed on the vo
,1959-08-19-issue-12,"Midwest Racing News - August 19, 1959",1959-08-19,page_003,5,"eee CU MEADOWDALE INTERNATIONAL RACEWAYS carrentersvitte, ILL. “a"
,1959-08-19-issue-12,"Midwest Racing News - August 19, 1959",1959-08-19,page_004,5,"— race and semi-final, Daring | son. _ ' MILWAUKEE winners were Vic Valentine, ae"
,1959-08-19-issue-12,"Midwest Racing News - August 19, 1959",1959-08-19,page_004,5,"in _ and, came back to win the . use BY Sterrett, Sterling Plumbing “ee"
,1959-08-19-issue-12,"Midwest Racing News - August 19, 1959",1959-08-19,page_005,5,"7 fo \, ll events. A total of 65 entries |ing championship. Offensauser car owned by El- a"
,1959-08-19-issue-12,"Midwest Racing News - August 19, 1959",1959-08-19,page_006,5,Modified Point Standings
,1959-08-19-issue-12,"Midwest Racing News - August 19, 1959",1959-08-19,page_007,5,polis “500” winner has indica-| Grove his own 2.5 Litre Fer- NEWS i. :
,1959-08-19-issue-12,"Midwest Racing News - August 19, 1959",1959-08-19,page_007,5,"of the over $10,000 worth of Raceways, which is fast be- ill out play- : ."
,1959-08-19-issue-12,"Midwest Racing News - August 19, 1959",1959-08-19,page_007,5,: 1 the outside to take over - CHAMPIONSHIPS gives you ‘
,1959-08-19-issue-12,"Midwest Racing News - August 19, 1959",1959-08-19,page_002,4,"As pot in the point standings in-| ish line ahead of Hauck, lost | hour. sports.. car championship alae tae Contributing Editors — ae"
,1959-08-19-issue-12,"Midwest Racing News - August 19, 1959",1959-08-19,page_004,4,-_ Melius. Kopshe scored convin-j to the checker. Heat winners OF ; new track record in the-open- Ps
,1959-08-19-issue-12,"Midwest Racing News - August 19, 1959",1959-08-19,page_007,4,"tiny Midget Racer to victory Heart of Chicago. It’s just! when he finally showed up, Jim | built by Lance Reventlow of} Glass Winners, H. Production:"
,1959-08-19-issue-12,"Midwest Racing News - August 19, 1959",1959-08-19,page_004,3,aaa SCHWISTER WINS — ] aTA TM. ee ree dee Resweber snapped the single af
,1959-08-26-issue-13,"Midwest Racing News - August 26, 1959",1959-08-26,page_007,11,VANDERMEIR TAKES Gardner Wins Tough oenaieninge sles aan
,1959-08-26-issue-13,"Midwest Racing News - August 26, 1959",1959-08-26,front_cover,5,"tes et), i oe |= | championship late model stock"
,1959-08-26-issue-13,"Midwest Racing News - August 26, 1959",1959-08-26,page_002,5,"re oe em pie doe Nocske op, Weel Vel Snowing de)"
,1959-08-26-issue-13,"Midwest Racing News - August 26, 1959",1959-08-26,page_002,5,"ee «Lc rE Fe into the lead followed by Ward.| money, $50 Champion Spark |"
,1959-08-26-issue-13,"Midwest Racing News - August 26, 1959",1959-08-26,page_004,5,"RECORD CROWD WITNESSES 12-CAR PILE-UP ave Stillman, tangled with Dick :"
,1959-08-26-issue-13,"Midwest Racing News - August 26, 1959",1959-08-26,page_005,5,3 Se ~ ~~ SS : “Bubble Gum Bowl i and went on to win
,1959-08-26-issue-13,"Midwest Racing News - August 26, 1959",1959-08-26,page_005,5,_ i. |... : cg to win. Billy I in the} to win ina third. i
,1959-08-26-issue-13,"Midwest Racing News - August 26, 1959",1959-08-26,page_005,5,"a midget, ram of|to Elgin an 81 to win. Joe he fourth heat.} Chie hite pants and shir"
,1959-08-26-issue-13,"Midwest Racing News - August 26, 1959",1959-08-26,page_005,5,ill run ; osition to win. -} mothers wou '
,1959-08-26-issue-13,"Midwest Racing News - August 26, 1959",1959-08-26,page_005,5,d will be c h ; 7 complete wi h | and he los to. wit. : Point Standings.
,1959-08-26-issue-13,"Midwest Racing News - August 26, 1959",1959-08-26,page_005,5,the feature rac ted in Carp : th! February. om LH =
,1959-08-26-issue-13,"Midwest Racing News - August 26, 1959",1959-08-26,page_005,5,Indianapolis - winner eae ae Its just four miles north oad Re U | A
,1959-08-26-issue-13,"Midwest Racing News - August 26, 1959",1959-08-26,page_005,5,"1 | ee | SUNDAY - SEPT. ONAL RACEWAYS _carpentersvitte,"
,1959-08-26-issue-13,"Midwest Racing News - August 26, 1959",1959-08-26,page_006,5,hl e”~—“Ci ia“ TF eventual winner. Action took place in the first heat
,1959-08-26-issue-13,"Midwest Racing News - August 26, 1959",1959-08-26,page_006,5,VICTORS AT ROCK FO : ter he got by Snyder. With |. wt . * oo
,1959-08-26-issue-13,"Midwest Racing News - August 26, 1959",1959-08-26,page_006,5,": a : af ix | , George Belgande of. Win a Racine: 3 we ."
,1959-08-26-issue-13,"Midwest Racing News - August 26, 1959",1959-08-26,page_007,5,50 L AP FEATURE iL k ; OYH : Ernie Derr won- his third
,1959-08-26-issue-13,"Midwest Racing News - August 26, 1959",1959-08-26,page_007,5,AT O’HARE “| uc 25 at are straight IMCA feature in less
,1959-08-26-issue-13,"Midwest Racing News - August 26, 1959",1959-08-26,page_007,5,to the lead before Jerry finall Ds t err had one o is hottes ap feature and was never _
,1959-08-26-issue-13,"Midwest Racing News - August 26, 1959",1959-08-26,page_009,5,"ve H rb B ‘e Winter Park, | 2” the stock car race lines| 37. 97 — T. Bettenhausen"
,1959-08-26-issue-13,"Midwest Racing News - August 26, 1959",1959-08-26,page_009,5,"° twin cam; Ray Ruprecht, Mia-"
,1959-08-26-issue-13,"Midwest Racing News - August 26, 1959",1959-08-26,page_003,4,"Se ie pale a dist Me. standings an the Z oe Havel Sizewshi, — Kenosha; Bill’ Pees Rataj aed oases es Raceway, at i"
,1959-08-26-issue-13,"Midwest Racing News - August 26, 1959",1959-08-26,page_004,4,. e feature race must be com e chain reaction pile-up then| championship points and mov- : sat: was out. for the) remade?
,1959-08-26-issue-13,"Midwest Racing News - August 26, 1959",1959-08-26,page_004,4,"was out of the money. Fass-| Others injured were Zetting, a |for the feature event, after] trol, and go on for the win. On| The track was slippery due ;"
,1959-08-26-issue-13,"Midwest Racing News - August 26, 1959",1959-08-26,page_005,4,‘and his | tWe ace will feature cars eat the Marquette Manufa -|tween Joe Kouachi d po- Point Standings
,1959-08-26-issue-13,"Midwest Racing News - August 26, 1959",1959-08-26,page_005,4,"' fords, who won dale and | to Raceways, al- | offic Speedway for iver ,this boy has les 9. Don Neary."
,1959-08-26-issue-13,"Midwest Racing News - August 26, 1959",1959-08-26,page_002,3,"; fa _ «8 3 _ =. | WARD WINS Sol Tovella, Chicago, came up >"
,1959-09-02-issue-14,"Midwest Racing News - September 2, 1959",1959-09-02,page_006,8,. KEWASKUM PILOT TAKES THIRD WIN OF DRIVEN BY RODGER WARD an a 6127 :
,1959-09-02-issue-14,"Midwest Racing News - September 2, 1959",1959-09-02,page_007,8,"wins respectively, were invol-| Went into the turn too hard, _ :"
,1959-09-02-issue-14,"Midwest Racing News - September 2, 1959",1959-09-02,page_007,7,"ture wins at the speedway uss Sorenson, Racine cap- ; i - . : €eN | track was soon made ready."
,1959-09-02-issue-14,"Midwest Racing News - September 2, 1959",1959-09-02,back_cover,5,TOP: . Action during the 200 mile big car championship race ne u a
,1959-09-02-issue-14,"Midwest Racing News - September 2, 1959",1959-09-02,back_cover,5,"j - fm Ward, the eventual winner; No. 99,.Don Branson, and No. 2,- _"
,1959-09-02-issue-14,"Midwest Racing News - September 2, 1959",1959-09-02,front_cover,5,ae a. - - =... oe Se ee ~~ 8 Cy | race for championship
,1959-09-02-issue-14,"Midwest Racing News - September 2, 1959",1959-09-02,front_cover,5,eo — - ee Cl fe oe. ea . after winni oa
,1959-09-02-issue-14,"Midwest Racing News - September 2, 1959",1959-09-02,page_003,5,"Cag. his second feature triumph of }37.79, .- ."
,1959-09-02-issue-14,"Midwest Racing News - September 2, 1959",1959-09-02,page_005,5,SPEEDWAYS FOR. ff. $2 450 = Subscription Blank —s
,1959-09-02-issue-14,"Midwest Racing News - September 2, 1959",1959-09-02,page_006,5,"Carl Jensén, Wind Lake, Bill ' . | 3"
,1959-09-02-issue-14,"Midwest Racing News - September 2, 1959",1959-09-02,page_007,5,BOSS SY MEADOWDALE inteRNATIONAL RACEWAYS
,1959-09-02-issue-14,"Midwest Racing News - September 2, 1959",1959-09-02,page_003,4,", 15-lap semi-feature to finish | heat win of the evening, while| speed of 50.51 mph."
,1959-09-02-issue-14,"Midwest Racing News - September 2, 1959",1959-09-02,page_006,4,"‘Schuppel Wins 50 Lapper|famed Ferrari Withdrawn From |, MIDWEST"
,1959-09-02-issue-14,"Midwest Racing News - September 2, 1959",1959-09-02,page_007,4,"Highland. Park, with one win fiving Ge. af the eae, Norm Lopresti finished third, | west Late Model Championship, | the crowd, The curly ‘haired _-"
,1959-09-02-issue-14,"Midwest Racing News - September 2, 1959",1959-09-02,page_007,4,"hold on to third position, <a point and went on for the win| gan finally emerged the victor.| on the line. To date, STAR has| * Kids. FREE."
,1959-09-02-issue-14,"Midwest Racing News - September 2, 1959",1959-09-02,page_005,3,". 4), Fil\aa : a: wins wls. anent aio oe ea net eee ae 4) Poul \a8 @ ga aoe"
,1959-09-09-issue-15,"Midwest Racing News - September 9, 1959",1959-09-09,page_004,8,all positions in the feature race. : “ [ILLIANA SPEEDWAY P| ae Ms
,1959-09-09-issue-15,"Midwest Racing News - September 9, 1959",1959-09-09,page_007,7,"a pair of feature wins over the ee Yorks car. ‘Both cars spun | day night, September 12th. The | 4n te . ,"
,1959-09-09-issue-15,"Midwest Racing News - September 9, 1959",1959-09-09,front_cover,5,": “ip es | Pa. Ls oo oe ; 2 fe — oe mph, Jesh second to win"
,1959-09-09-issue-15,"Midwest Racing News - September 9, 1959",1959-09-09,page_003,5,TE . . |SCHWISTER TAKES.
,1959-09-09-issue-15,"Midwest Racing News - September 9, 1959",1959-09-09,page_003,5,a. Milwaukee made it two features in arow ashe won -
,1959-09-09-issue-15,"Midwest Racing News - September 9, 1959",1959-09-09,page_003,5,. —f £. f Ff Bg Coe SO when he was passed by Sehwis- For Algoma Honors
,1959-09-09-issue-15,"Midwest Racing News - September 9, 1959",1959-09-09,page_003,5,nl condmion as. no track record over the 7%4-mile |
,1959-09-09-issue-15,"Midwest Racing News - September 9, 1959",1959-09-09,page_004,5,Neo Se #2 ime through rear window.) Accident ended with
,1959-09-09-issue-15,"Midwest Racing News - September 9, 1959",1959-09-09,page_004,5,o_-=mw ae bale Pe Ratajezyk on the | FIVE. TRACK RECORDS KLUG DONATIONS _
,1959-09-09-issue-15,"Midwest Racing News - September 9, 1959",1959-09-09,page_004,5,[i ae third. Five track records were} A check in the amount of
,1959-09-09-issue-15,"Midwest Racing News - September 9, 1959",1959-09-09,page_004,5,Hank Schwab of West Allis : oe ‘Speedways -_ - a
,1959-09-09-issue-15,"Midwest Racing News - September 9, 1959",1959-09-09,page_005,5,"2 fs, Sf crs lt — ng the feature race, the) position to Erik Johnson of"
,1959-09-09-issue-15,"Midwest Racing News - September 9, 1959",1959-09-09,page_006,5,|| ss SPEEDWaYSFoR = of 5 § 2.50 ae Subscription Blank Ey]
,1959-09-09-issue-15,"Midwest Racing News - September 9, 1959",1959-09-09,page_007,5,"chie, Des Moines, Ia., Fulton} Dary. Neissen. lowing Curcio’s every move, ;"
,1959-09-09-issue-15,"Midwest Racing News - September 9, 1959",1959-09-09,page_007,5,Types Made little Nash six cylinder engine | and hard work paid off in a WAUKEGAN SPEEDWAY
,1959-09-09-issue-15,"Midwest Racing News - September 9, 1959",1959-09-09,page_007,5,"7 ish line. Ackerman, a brother | the season point champion."
,1959-09-09-issue-15,"Midwest Racing News - September 9, 1959",1959-09-09,page_007,5,"pea _ The east turn again proved | championship. The car is pow- ne a {,"
,1959-09-09-issue-15,"Midwest Racing News - September 9, 1959",1959-09-09,page_008,5,eat eae a ; Ss ; Championship for late models ar as ; ;
,1959-09-09-issue-15,"Midwest Racing News - September 9, 1959",1959-09-09,page_008,5,if oe ae pacha oe 3 dale Internatiohal Raceways. : . .
,1959-09-09-issue-15,"Midwest Racing News - September 9, 1959",1959-09-09,page_009,5,a al bet ies there ai first feature event of his ca-|ner and Vie Valentine. oa
,1959-09-09-issue-15,"Midwest Racing News - September 9, 1959",1959-09-09,page_009,5,1 a win. Dentici won the second onds or 19.29 miles per hour < . * RSC CI
,1959-09-09-issue-15,"Midwest Racing News - September 9, 1959",1959-09-09,page_009,5,"the following issue unless ac- i ; _| Hickman Mills, Mo. Randol /f 0 ue is"
,1959-09-09-issue-15,"Midwest Racing News - September 9, 1959",1959-09-09,page_009,5,i a | Win the 4th heat. The first going faster all the time. ere eet Ne \
,1959-09-09-issue-15,"Midwest Racing News - September 9, 1959",1959-09-09,page_009,5,STOCK CARS-COME ON OUT A GOOD IDEA IF WE'D Al) B FEATURE WILLBE.... a Se SS
,1959-09-09-issue-15,"Midwest Racing News - September 9, 1959",1959-09-09,page_003,4,"ture wins this season at Cedar-| or drive a race car. But John-| am Johnson, Sr. Veteran mid-| ners — 1. Don Janovsky, 45.85| but was involved in the spin"
,1959-09-09-issue-15,"Midwest Racing News - September 9, 1959",1959-09-09,page_004,4,"Kewaskum, Miles Melee the] Under way. A the restart, Ron| 1 to look next, as cars{garnered 170 Championship: from the Cedarburg Raceway,"
,1959-09-09-issue-15,"Midwest Racing News - September 9, 1959",1959-09-09,page_005,4,"at Meadowdale, Ill. Driver Jim Rathmann received his Ge feature ‘win, Elman) Croom Bay Road Aad, Skok"
,1959-09-09-issue-15,"Midwest Racing News - September 9, 1959",1959-09-09,page_005,4,"' nois copped his second consecutive feature win with | @stances_ in other mishaps, | Mrs. Jim Bates, Palantine, Mrs. week ae Peith ie the"
,1959-09-09-issue-15,"Midwest Racing News - September 9, 1959",1959-09-09,page_009,4,: al t Wins--- Other winners in Sunday’s| starts. Dunham finally was Gary Douglas had car trou-| Wednesday Night Standing
,1959-09-09-issue-15,"Midwest Racing News - September 9, 1959",1959-09-09,page_004,3,"scored his fifth feature victory , Ut on the third lap; and Loyd ed. positions, in as rough-and-| forth bet the Dizz Wils | Speedways. —"
,1959-09-16-issue-16,"Midwest Racing News - September 16, 1959",1959-09-16,page_004,7,"Mich. If . Stacey wins honors BOB MATHOUSER. Fran Seamars, Milwaukee, | ms pest bai i me | oo"
,1959-09-16-issue-16,"Midwest Racing News - September 16, 1959",1959-09-16,page_002,6,. a #& #.. — ¢ MILWAUKEEAN WINS FEATURE AT Setar gee Pig =o. tS
,1959-09-16-issue-16,"Midwest Racing News - September 16, 1959",1959-09-16,back_cover,5,"TOP: Action at Waukegan, Il., as Larry Janssen of Winthrop"
,1959-09-16-issue-16,"Midwest Racing News - September 16, 1959",1959-09-16,front_cover,5,ee : | ist Feature
,1959-09-16-issue-16,"Midwest Racing News - September 16, 1959",1959-09-16,front_cover,5,"; Three time Waukegan winner,"
,1959-09-16-issue-16,"Midwest Racing News - September 16, 1959",1959-09-16,front_cover,5,— : é ae after blowing up his éngine at
,1959-09-16-issue-16,"Midwest Racing News - September 16, 1959",1959-09-16,front_cover,5,"ey - Se rrr oo a ee Hn the standings, is out for the:"
,1959-09-16-issue-16,"Midwest Racing News - September 16, 1959",1959-09-16,front_cover,5,"—-— |, °§& Os winner, broke an axle on the"
,1959-09-16-issue-16,"Midwest Racing News - September 16, 1959",1959-09-16,front_cover,5,"a ~~, -,— i i ie i ie. =. iiag after winning his first"
,1959-09-16-issue-16,"Midwest Racing News - September 16, 1959",1959-09-16,page_002,5,FFI artsh ie tealife Crem tor 4 tail of 45 cars stuted|DERR TOPS
,1959-09-16-issue-16,"Midwest Racing News - September 16, 1959",1959-09-16,page_002,5,"_and Wuesthoff, however, was) car No.7. | : Sweepstakes, 1 p. m. NS Sa"
,1959-09-16-issue-16,"Midwest Racing News - September 16, 1959",1959-09-16,page_002,5,"ear No. 12, ' record stock car speeds as well] ting a capacity crowd for the- DY Lah —"
,1959-09-16-issue-16,"Midwest Racing News - September 16, 1959",1959-09-16,page_003,5,"‘the fine show they put on. Mar- . | Lesley, Illinois. Other results ; . ¥"
,1959-09-16-issue-16,"Midwest Racing News - September 16, 1959",1959-09-16,page_004,5,"OO Eee _ vg aq | Ohh turn, put him ont oF the! down. wa hich winds, cold wean"
,1959-09-16-issue-16,"Midwest Racing News - September 16, 1959",1959-09-16,page_005,5,se CHAMPION OF ALL MIDWEST TRACKS TO COMPETE ON 3.27 MILE ROAD COURSE. ..
,1959-09-16-issue-16,"Midwest Racing News - September 16, 1959",1959-09-16,page_005,5,| s> N MEADOWDALE RACEWAYS
,1959-09-16-issue-16,"Midwest Racing News - September 16, 1959",1959-09-16,page_002,4,Att SCCA Class B championghi Racing) has already announced ‘Prix. ear. Other results are as kek wien Paced Ne :
,1959-09-16-issue-16,"Midwest Racing News - September 16, 1959",1959-09-16,page_002,3,:_ BBB “speedway and also precila ofa FormiulaJunior is not yet of-|lap feature at the Winneshiek
