series_slug,season_year,finishing_position,driver_name,driver_slug_guess,points,starts,wins,top5,top10,poles
wisconsin-challenge-series,2001,1,Mark Eswein,mark-eswein,364,3,0,3,3,
wisconsin-challenge-series,2001,2,Kenny Reiser,kenny-reiser,360,3,0,1,3,
wisconsin-challenge-series,2001,3,Allen Check,allen-check,314,3,0,1,3,
wisconsin-challenge-series,2001,4,Kirby Kurth,kirby-kurth,309,2,2,2,2,
wisconsin-challenge-series,2001,5,Jesse Haase,jesse-haase,299,3,0,1,2,
wisconsin-challenge-series,2001,6,Bryan Roach,bryan-roach,270,3,0,1,1,
wisconsin-challenge-series,2001,7,Jeremy Lepak,jeremy-lepak,262,3,0,1,1,
wisconsin-challenge-series,2001,8,Gary Back,gary-back,240,3,0,0,1,
wisconsin-challenge-series,2001,9,Benjamin Brinkman,benjamin-brinkman,228,2,0,0,1,
wisconsin-challenge-series,2001,10,Burton Brown,burton-brown,226,2,0,0,0,
wisconsin-challenge-series,2001,11,Kyle Kinder,kyle-kinder,217,2,0,1,2,
wisconsin-challenge-series,2001,12,Jeff Weinfurter,jeff-weinfurter,202,3,0,0,0,
wisconsin-challenge-series,2001,13,Tony Strupp,tony-strupp,201,2,0,0,1,
wisconsin-challenge-series,2001,13,Jason Weinkauf,jason-weinkauf,201,3,0,0,0,
wisconsin-challenge-series,2001,15,Matt Kocourek,matt-kocourek,172,2,0,0,0,
wisconsin-challenge-series,2001,16,Rick Corso,rick-corso,169,2,0,0,1,
wisconsin-challenge-series,2001,17,Judd Brandl,judd-brandl,164,1,0,1,1,
wisconsin-challenge-series,2001,18,Joe Krzykowski,joe-krzykowski,159,2,0,0,0,
wisconsin-challenge-series,2001,19,Frank Kreyer,frank-kreyer,152,2,0,0,0,
wisconsin-challenge-series,2001,20,Kevin Peterson,kevin-peterson,151,2,0,0,1,
wisconsin-challenge-series,2001,21,Rocky Breezer,rocky-breezer,143,1,1,1,1,
wisconsin-challenge-series,2001,22,Frank Nitzke,frank-nitzke,134,0,0,0,0,
wisconsin-challenge-series,2001,23,Scott Beyer,scott-beyer,132,2,0,0,0,
wisconsin-challenge-series,2001,24,Don Turner,don-turner,125,1,0,1,1,
wisconsin-challenge-series,2001,25,Jeff Way,jeff-way,122,1,0,0,0,
wisconsin-challenge-series,2001,26,Jerry Schneider,jerry-schneider,120,0,0,0,0,
wisconsin-challenge-series,2001,27,Terry Schoppenhorst,terry-schoppenhorst,117,2,0,0,0,
wisconsin-challenge-series,2001,28,Jim Carlson,jim-carlson,115,1,0,1,1,
wisconsin-challenge-series,2001,29,Andrew Morrissey,andrew-morrissey,113,1,0,0,1,
wisconsin-challenge-series,2001,30,Brandon Selle,brandon-selle,112,0,0,0,0,
wisconsin-challenge-series,2001,31,Bob Campbell,bob-campbell,106,1,0,0,1,
wisconsin-challenge-series,2001,32,"Rich Schumann, Jr.",rich-schumann-jr,102,1,0,0,1,
wisconsin-challenge-series,2001,33,Joe Fischer,joe-fischer,98,1,0,0,0,
wisconsin-challenge-series,2001,34,Todd Stapleman,todd-stapleman,94,1,0,0,1,
wisconsin-challenge-series,2001,35,Eric Hammond,eric-hammond,91,1,0,0,0,
wisconsin-challenge-series,2001,36,Doug Drost,doug-drost,89,1,0,0,0,
wisconsin-challenge-series,2001,37,LeRoy Pettis,leroy-pettis,84,1,0,0,0,
wisconsin-challenge-series,2001,38,Aaron Roehl,aaron-roehl,82,0,0,0,0,
wisconsin-challenge-series,2001,39,Luke Westenberg,luke-westenberg,80,0,0,0,0,
wisconsin-challenge-series,2001,40,Neil Knoblock,neil-knoblock,78,1,0,0,0,
wisconsin-challenge-series,2001,40,Jack Pankratz,jack-pankratz,78,0,0,0,0,
wisconsin-challenge-series,2001,42,Kevin Baldry,kevin-baldry,78,0,0,0,0,
wisconsin-challenge-series,2001,43,Mark Mackesy,mark-mackesy,76,0,0,0,0,
wisconsin-challenge-series,2001,43,Paul Block,paul-block,76,0,0,0,0,
wisconsin-challenge-series,2001,45,Chris Weinkauf,chris-weinkauf,75,1,0,0,0,
wisconsin-challenge-series,2001,46,Troy Nelson,troy-nelson,74,0,0,0,0,
wisconsin-challenge-series,2001,47,Chad Devine,chad-devine,68,0,0,0,0,
wisconsin-challenge-series,2001,48,Clint Sillars,clint-sillars,47,0,0,0,0,
wisconsin-challenge-series,2001,49,Greg Ives,greg-ives,44,0,0,0,0,
wisconsin-challenge-series,2001,49,Mike Strupp,mike-strupp,44,0,0,0,0,
wisconsin-challenge-series,2001,49,Chad Barker,chad-barker,44,0,0,0,0,
wisconsin-challenge-series,2001,49,Pete Kempf,pete-kempf,44,0,0,0,0,
wisconsin-challenge-series,2001,53,Chris Grimes,chris-grimes,38,0,0,0,0,
wisconsin-challenge-series,2001,54,Dave Phillips,dave-phillips,36,0,0,0,0,
wisconsin-challenge-series,2001,54,Gary Bock,gary-bock,36,0,0,0,0,
wisconsin-challenge-series,2001,54,Bruce Havel,bruce-havel,36,0,0,0,0,
wisconsin-challenge-series,2001,57,Ron Baciak,ron-baciak,34,0,0,0,0,
wisconsin-challenge-series,2001,57,Rick Grunden,rick-grunden,34,0,0,0,0,
wisconsin-challenge-series,2001,57,Kevin Beyer,kevin-beyer,34,0,0,0,0,
wisconsin-challenge-series,2001,57,John Raupp,john-raupp,34,0,0,0,0,
wisconsin-challenge-series,2001,57,Dave Gawronski,dave-gawronski,34,0,0,0,0,
wisconsin-challenge-series,2001,62,Brian Back,brian-back,32,0,0,0,0,
wisconsin-challenge-series,2001,62,"Mike Vogt, Jr.",mike-vogt-jr,32,0,0,0,0,
wisconsin-challenge-series,2001,62,Steve Lamke,steve-lamke,32,0,0,0,0,
wisconsin-challenge-series,2001,65,Greg Back,greg-back,30,0,0,0,0,
wisconsin-challenge-series,2001,65,Cory Podolski,cory-podolski,30,0,0,0,0,
wisconsin-challenge-series,2002,1,Gary Back,gary-back,679,6,1,4,4,
wisconsin-challenge-series,2002,2,Kenny Reiser,kenny-reiser,672,7,0,2,6,
wisconsin-challenge-series,2002,3,Jeremy Lepak,jeremy-lepak,643,6,0,3,4,
wisconsin-challenge-series,2002,4,Allen Check,allen-check,627,6,0,2,5,
wisconsin-challenge-series,2002,5,Mark Eswein,mark-eswein,599,6,0,1,5,
wisconsin-challenge-series,2002,6,Kyle Kinder,kyle-kinder,565,5,1,3,5,
wisconsin-challenge-series,2002,7,Rocky Breezer,rocky-breezer,555,6,0,0,2,
wisconsin-challenge-series,2002,8,Jeff Weinfurter,jeff-weinfurter,555,4,1,3,3,
wisconsin-challenge-series,2002,9,Todd Stapleman,todd-stapleman,554,6,0,2,3,
wisconsin-challenge-series,2002,10,Burton Brown,burton-brown,471,5,1,1,1,
wisconsin-challenge-series,2002,11,Chris Weinkauf,chris-weinkauf,470,5,0,1,2,
wisconsin-challenge-series,2002,12,Justin Hirt,justin-hirt,414,4,0,0,2,
wisconsin-challenge-series,2002,13,Jason Weinkauf,jason-weinkauf,407,5,0,0,1,
wisconsin-challenge-series,2002,14,Jim Carlson,jim-carlson,395,4,0,0,1,
wisconsin-challenge-series,2002,15,Pete Kempf,pete-kempf,374,4,0,0,0,
wisconsin-challenge-series,2002,16,Dave Gawronski,dave-gawronski,366,5,0,0,0,
wisconsin-challenge-series,2002,17,Frank Nitzke,frank-nitzke,352,3,0,0,0,
wisconsin-challenge-series,2002,18,Nathan Haseleu,nathan-haseleu,322,3,1,2,2,
wisconsin-challenge-series,2002,19,Jeff Kendall,jeff-kendall,314,3,1,2,2,
wisconsin-challenge-series,2002,20,Brandon Selle,brandon-selle,303,3,0,0,0,
wisconsin-challenge-series,2002,21,Frank Kreyer,frank-kreyer,279,3,0,0,0,
wisconsin-challenge-series,2002,22,M.G. Gajewski,m-g-gajewski,252,3,0,0,1,
wisconsin-challenge-series,2002,23,Troy Nelson,troy-nelson,246,2,0,0,1,
wisconsin-challenge-series,2002,24,Mark Mackesy,mark-mackesy,237,2,0,1,1,
wisconsin-challenge-series,2002,25,Mark Van,mark-van,234,0,0,0,0,
wisconsin-challenge-series,2002,26,Chris Wimmer,chris-wimmer,231,2,0,1,2,
wisconsin-challenge-series,2002,27,Don Turner,don-turner,230,3,0,0,1,
wisconsin-challenge-series,2002,28,Chris Bires,chris-bires,230,1,0,0,0,
wisconsin-challenge-series,2002,29,Kirby Kurth,kirby-kurth,207,1,0,0,0,
wisconsin-challenge-series,2002,30,Bruce Havel,bruce-havel,190,0,0,0,0,
wisconsin-challenge-series,2002,31,Scott Volm,scott-volm,190,0,0,0,0,
wisconsin-challenge-series,2002,32,"Eugene Gregorich, Jr.",eugene-gregorich-jr,186,2,0,0,0,
wisconsin-challenge-series,2002,33,Donnie Woller,donnie-woller,185,1,0,0,0,
wisconsin-challenge-series,2002,34,Luke Westenberg,luke-westenberg,184,1,0,0,0,
wisconsin-challenge-series,2002,35,Clint Sillars,clint-sillars,179,2,0,0,0,
wisconsin-challenge-series,2002,36,Judd Brandl,judd-brandl,178,2,0,0,1,
wisconsin-challenge-series,2002,37,Scott Patrick,scott-patrick,173,1,0,1,1,
wisconsin-challenge-series,2002,38,Kelly Willman,kelly-willman,170,0,0,0,0,
wisconsin-challenge-series,2002,39,Andrew Morrissey,andrew-morrissey,142,1,0,0,1,
wisconsin-challenge-series,2002,40,Scott Wimmer,scott-wimmer,137,1,1,1,1,
wisconsin-challenge-series,2002,41,Terry Schoppenhorst,terry-schoppenhorst,136,1,0,0,1,
wisconsin-challenge-series,2002,42,Tony Strupp,tony-strupp,129,1,0,1,1,
wisconsin-challenge-series,2002,43,"Rich Schumann, Jr.",rich-schumann-jr,128,2,0,0,0,
wisconsin-challenge-series,2002,44,Jon Hornby,jon-hornby,126,1,0,0,0,
wisconsin-challenge-series,2002,45,Wayne Cottrell,wayne-cottrell,125,1,0,1,1,
wisconsin-challenge-series,2002,46,Kevin Brescia,kevin-brescia,125,1,0,1,1,
wisconsin-challenge-series,2002,47,Jeff Richards,jeff-richards,123,1,0,1,1,
wisconsin-challenge-series,2002,48,Kelly Bires,kelly-bires,123,2,0,0,0,
wisconsin-challenge-series,2002,49,Erik Darnell,erik-darnell,117,1,0,0,1,
wisconsin-challenge-series,2002,50,Paul Menard,paul-menard,116,1,0,1,1,
wisconsin-challenge-series,2002,51,Joe Krzykowski,joe-krzykowski,113,1,0,0,0,
wisconsin-challenge-series,2002,52,Brad Mueller,brad-mueller,113,1,0,0,1,
wisconsin-challenge-series,2002,53,Keith Bohmsach,keith-bohmsach,112,1,0,0,1,
wisconsin-challenge-series,2002,54,Eric Hammond,eric-hammond,110,1,0,0,1,
wisconsin-challenge-series,2002,55,Jerry Gille,jerry-gille,109,1,0,0,1,
wisconsin-challenge-series,2002,56,Travis Dassow,travis-dassow,97,1,0,0,0,
wisconsin-challenge-series,2002,57,Benjamin Brinkman,benjamin-brinkman,91,0,0,0,0,
wisconsin-challenge-series,2002,58,Eddie Hoffman,eddie-hoffman,90,1,0,0,1,
wisconsin-challenge-series,2002,59,Al Weishoff,al-weishoff,87,1,0,0,0,
wisconsin-challenge-series,2002,60,Wayne Mackesy,wayne-mackesy,87,0,0,0,0,
wisconsin-challenge-series,2002,61,Dean LaPointe,dean-lapointe,84,1,0,0,0,
wisconsin-challenge-series,2002,62,Gerry Junget,gerry-junget,83,1,0,0,0,
wisconsin-challenge-series,2002,63,Alan Sankey,alan-sankey,82,0,0,0,0,
wisconsin-challenge-series,2002,64,Doug Drost,doug-drost,78,1,0,0,0,
wisconsin-challenge-series,2002,65,Charlie Menard,charlie-menard,75,1,0,0,0,
wisconsin-challenge-series,2002,66,Jerry Mueller,jerry-mueller,70,0,0,0,0,
wisconsin-challenge-series,2002,67,"Jim Sauter, Jr.",jim-sauter-jr,67,1,0,0,0,
wisconsin-challenge-series,2002,68,Mike Cusick,mike-cusick,66,1,0,0,0,
wisconsin-challenge-series,2002,69,Dan Howard,dan-howard,66,1,0,0,0,
wisconsin-challenge-series,2002,70,Wayne Breitenfeldt,wayne-breitenfeldt,63,1,0,0,0,
wisconsin-challenge-series,2002,71,Bobby Wilberg,bobby-wilberg,63,1,0,0,0,
wisconsin-challenge-series,2002,72,Kevin Baldry,kevin-baldry,62,0,0,0,0,
wisconsin-challenge-series,2002,73,Greg Bowers,greg-bowers,60,1,0,0,0,
wisconsin-challenge-series,2002,74,Dan Topel,dan-topel,60,1,0,0,0,
wisconsin-challenge-series,2002,75,Bob Campbell,bob-campbell,57,1,0,0,0,
wisconsin-challenge-series,2002,76,"Eldon Zacek, Jr.",eldon-zacek-jr,54,1,0,0,0,
wisconsin-challenge-series,2002,77,Russ Weiler,russ-weiler,47,0,0,0,0,
wisconsin-challenge-series,2002,78,Jeff Fritz,jeff-fritz,47,0,0,0,0,
wisconsin-challenge-series,2002,79,Steve Dobbratz,steve-dobbratz,44,0,0,0,0,
wisconsin-challenge-series,2002,80,Eric Wisz,eric-wisz,44,0,0,0,0,
wisconsin-challenge-series,2002,81,Rich Loch,rich-loch,44,0,0,0,0,
wisconsin-challenge-series,2002,82,Mike Leopold,mike-leopold,42,0,0,0,0,
wisconsin-challenge-series,2002,83,Chad Barker,chad-barker,42,0,0,0,0,
wisconsin-challenge-series,2002,84,Brent Knight,brent-knight,40,0,0,0,0,
wisconsin-challenge-series,2002,85,Mark Taylor,mark-taylor,38,0,0,0,0,
wisconsin-challenge-series,2002,86,Justin Woller,justin-woller,38,0,0,0,0,
wisconsin-challenge-series,2002,87,Wayne Lodholz,wayne-lodholz,38,0,0,0,0,
wisconsin-challenge-series,2002,88,Dave Lawrence,dave-lawrence,38,0,0,0,0,
wisconsin-challenge-series,2002,89,Scottie Hatton,scottie-hatton,36,0,0,0,0,
wisconsin-challenge-series,2002,90,"Bernie Fritz, Jr.",bernie-fritz-jr,36,0,0,0,0,
wisconsin-challenge-series,2002,91,Jesse Klug,jesse-klug,34,0,0,0,0,
wisconsin-challenge-series,2002,92,Bob Gereau,bob-gereau,34,0,0,0,0,
wisconsin-challenge-series,2002,93,Scott Bleeker,scott-bleeker,34,0,0,0,0,
wisconsin-challenge-series,2002,94,Chris Grimes,chris-grimes,34,0,0,0,0,
wisconsin-challenge-series,2002,95,"John Totzke, Jr.",john-totzke-jr,32,0,0,0,0,
wisconsin-challenge-series,2002,95,Paul Knoblock,paul-knoblock,32,0,0,0,0,
wisconsin-challenge-series,2002,95,Bob Jacobs,bob-jacobs,32,0,0,0,0,
wisconsin-challenge-series,2002,95,Ed Schneidewent,ed-schneidewent,32,0,0,0,0,
wisconsin-challenge-series,2003,1,Erik Darnell,erik-darnell,1017,10,3,6,7,
wisconsin-challenge-series,2003,2,Jeff Kendall,jeff-kendall,921,10,0,5,7,
wisconsin-challenge-series,2003,3,Chris Weinkauf,chris-weinkauf,916,10,1,4,7,
wisconsin-challenge-series,2003,4,Frank Kreyer,frank-kreyer,735,9,0,2,3,
wisconsin-challenge-series,2003,5,Jason Weinkauf,jason-weinkauf,720,9,0,1,4,
wisconsin-challenge-series,2003,6,Kenny Reiser,kenny-reiser,705,10,0,1,3,
wisconsin-challenge-series,2003,7,Adam Royle,adam-royle,677,7,0,1,3,
wisconsin-challenge-series,2003,8,John Zimmerman,john-zimmerman,662,7,1,2,2,
wisconsin-challenge-series,2003,9,M.G. Gajewski,m-g-gajewski,661,7,0,0,3,
wisconsin-challenge-series,2003,10,Jeff Weinfurter,jeff-weinfurter,659,6,2,3,4,
wisconsin-challenge-series,2003,11,Jeff Watters,jeff-watters,618,7,0,1,2,
wisconsin-challenge-series,2003,12,Joe Krzykowski,joe-krzykowski,594,6,0,2,4,
wisconsin-challenge-series,2003,13,Rory Melbinger,rory-melbinger,585,8,0,0,2,
wisconsin-challenge-series,2003,14,Kevin Brescia,kevin-brescia,537,5,1,1,3,
wisconsin-challenge-series,2003,15,Pete Kempf,pete-kempf,514,1,0,0,0,
wisconsin-challenge-series,2003,16,Dean LaPointe,dean-lapointe,477,4,0,0,1,
wisconsin-challenge-series,2003,17,Kyle Kinder,kyle-kinder,464,5,0,2,2,
wisconsin-challenge-series,2003,18,Mark Eswein,mark-eswein,425,4,1,2,2,
wisconsin-challenge-series,2003,19,Burton Brown,burton-brown,414,4,0,0,2,
wisconsin-challenge-series,2003,20,Terry Van Roy,terry-van-roy,413,4,0,1,1,
wisconsin-challenge-series,2003,21,Gary Back,gary-back,402,4,0,2,2,
wisconsin-challenge-series,2003,22,Allen Check,allen-check,377,4,0,0,1,
wisconsin-challenge-series,2003,23,Scott Broughton,scott-broughton,341,2,0,0,1,
wisconsin-challenge-series,2003,24,Jim Carlson,jim-carlson,314,3,0,0,0,
wisconsin-challenge-series,2003,25,Nathan Haseleu,nathan-haseleu,304,3,0,1,2,
wisconsin-challenge-series,2003,26,Dean Schultz,dean-schultz,301,3,0,0,0,
wisconsin-challenge-series,2003,27,Mark Mackesy,mark-mackesy,271,3,0,0,1,
wisconsin-challenge-series,2003,28,Judd Brandl,judd-brandl,269,2,0,1,1,
wisconsin-challenge-series,2003,29,Kurt Guralski,kurt-guralski,266,2,0,0,0,
wisconsin-challenge-series,2003,30,Rocky Breezer,rocky-breezer,259,1,0,0,0,
wisconsin-challenge-series,2003,31,Bruce Havel,bruce-havel,255,0,0,0,0,
wisconsin-challenge-series,2003,32,Mike Langsdorf,mike-langsdorf,237,2,0,1,1,
wisconsin-challenge-series,2003,33,Andrew Morrissey,andrew-morrissey,228,2,0,1,2,
wisconsin-challenge-series,2003,34,Brad Mueller,brad-mueller,223,2,0,0,2,
wisconsin-challenge-series,2003,35,Russ Weiler,russ-weiler,223,2,0,0,0,
wisconsin-challenge-series,2003,36,Frank Nitzke,frank-nitzke,219,1,0,0,0,
wisconsin-challenge-series,2003,37,Jeff Falbe,jeff-falbe,218,1,0,0,0,
wisconsin-challenge-series,2003,38,Keith Bohmsach,keith-bohmsach,218,2,0,0,1,
wisconsin-challenge-series,2003,39,Chad Devine,chad-devine,209,2,0,0,0,
wisconsin-challenge-series,2003,40,Kelly Bires,kelly-bires,206,2,1,1,1,
wisconsin-challenge-series,2003,41,Charlie Menard,charlie-menard,200,2,0,0,2,
wisconsin-challenge-series,2003,42,Rick Corso,rick-corso,196,2,0,0,2,
wisconsin-challenge-series,2003,43,Ryan Mathews,ryan-mathews,194,2,0,0,1,
wisconsin-challenge-series,2003,44,Brandon Selle,brandon-selle,193,0,0,0,0,
wisconsin-challenge-series,2003,45,Matt Kocourek,matt-kocourek,174,1,0,1,1,
wisconsin-challenge-series,2003,46,Dan Mills,dan-mills,163,1,0,0,0,
wisconsin-challenge-series,2003,47,Jeremy Lepak,jeremy-lepak,153,1,0,0,1,
wisconsin-challenge-series,2003,48,Wayne Cottrell,wayne-cottrell,140,0,0,0,0,
wisconsin-challenge-series,2003,49,Todd Stapleman,todd-stapleman,132,1,0,0,1,
wisconsin-challenge-series,2003,50,Jamie Wallace,jamie-wallace,131,1,0,1,1,
wisconsin-challenge-series,2003,51,Dave Feiler,dave-feiler,129,1,0,1,1,
wisconsin-challenge-series,2003,52,Clint Sillars,clint-sillars,129,1,0,0,0,
wisconsin-challenge-series,2003,53,Gregg Haese,gregg-haese,128,1,0,1,1,
wisconsin-challenge-series,2003,54,Dan Howard,dan-howard,127,1,0,0,0,
wisconsin-challenge-series,2003,55,Jesse Haase,jesse-haase,122,1,0,1,1,
wisconsin-challenge-series,2003,56,Eddie Hoffman,eddie-hoffman,121,1,0,1,1,
wisconsin-challenge-series,2003,57,Mark Schroeder,mark-schroeder,121,1,0,0,1,
wisconsin-challenge-series,2003,58,Dave Lawrence,dave-lawrence,118,1,0,0,0,
wisconsin-challenge-series,2003,59,Fran Prestay,fran-prestay,117,1,0,1,1,
wisconsin-challenge-series,2003,60,Rod Brewe,rod-brewe,104,0,0,0,0,
wisconsin-challenge-series,2003,61,Jerry Freeman,jerry-freeman,102,1,0,0,1,
wisconsin-challenge-series,2003,62,Travis Sauter,travis-sauter,102,1,0,0,1,
wisconsin-challenge-series,2003,63,Jeff Way,jeff-way,97,1,0,0,1,
wisconsin-challenge-series,2003,64,Jeff Steenbergen,jeff-steenbergen,96,0,0,0,0,
wisconsin-challenge-series,2003,65,Rich Loch,rich-loch,94,1,0,0,1,
wisconsin-challenge-series,2003,66,Don Turner,don-turner,94,0,0,0,0,
wisconsin-challenge-series,2003,67,Jon Hornby,jon-hornby,91,1,0,0,0,
wisconsin-challenge-series,2003,68,Steve Rubeck,steve-rubeck,90,1,0,0,0,
wisconsin-challenge-series,2003,69,Joe Fischer,joe-fischer,90,1,0,0,1,
wisconsin-challenge-series,2003,70,Mike Budleski,mike-budleski,89,0,0,0,0,
wisconsin-challenge-series,2003,71,Scott Patrick,scott-patrick,84,1,0,0,0,
wisconsin-challenge-series,2003,72,Wayne Mackesy,wayne-mackesy,82,0,0,0,0,
wisconsin-challenge-series,2003,73,Travis Dassow,travis-dassow,81,1,0,0,0,
wisconsin-challenge-series,2003,74,Gerry Junget,gerry-junget,81,1,0,0,0,
wisconsin-challenge-series,2003,75,Jeff Van Oudenhoven,jeff-van-oudenhoven,79,1,0,0,0,
wisconsin-challenge-series,2003,76,Mike Witberler,mike-witberler,79,0,0,0,0,
wisconsin-challenge-series,2003,77,Chad Holm,chad-holm,78,0,0,0,0,
wisconsin-challenge-series,2003,78,Terry Baldry,terry-baldry,78,1,0,0,0,
wisconsin-challenge-series,2003,79,Benjamin Brinkman,benjamin-brinkman,75,1,0,0,0,
wisconsin-challenge-series,2003,80,"Ed Wolff, III",ed-wolff-iii,74,0,0,0,0,
wisconsin-challenge-series,2003,81,"Jim Sauter, Jr.",jim-sauter-jr,72,1,0,0,0,
wisconsin-challenge-series,2003,82,Wayne Breitenfeldt,wayne-breitenfeldt,72,1,0,0,0,
wisconsin-challenge-series,2003,83,Landry Potter,landry-potter,71,1,0,0,0,
wisconsin-challenge-series,2003,84,Tom Lichtfeld,tom-lichtfeld,70,1,0,0,0,
wisconsin-challenge-series,2003,85,"Eugene Gregorich, Jr.",eugene-gregorich-jr,69,1,0,0,0,
wisconsin-challenge-series,2003,86,Tony Strupp,tony-strupp,68,1,0,0,0,
wisconsin-challenge-series,2003,87,Jerry Gille,jerry-gille,60,1,0,0,0,
wisconsin-challenge-series,2003,88,Neil Knoblock,neil-knoblock,57,1,0,0,0,
wisconsin-challenge-series,2003,89,Eddie May,eddie-may,57,1,0,0,0,
wisconsin-challenge-series,2003,90,Jeff Richards,jeff-richards,47,0,0,0,0,
wisconsin-challenge-series,2003,91,Chris Ratajczyk,chris-ratajczyk,47,0,0,0,0,
wisconsin-challenge-series,2003,92,Monte Gress,monte-gress,47,0,0,0,0,
wisconsin-challenge-series,2003,93,Brian Paszek,brian-paszek,44,0,0,0,0,
wisconsin-challenge-series,2003,94,Andy Monday,andy-monday,44,0,0,0,0,
wisconsin-challenge-series,2003,95,Terry Violetto,terry-violetto,42,0,0,0,0,
wisconsin-challenge-series,2003,96,John Wasserberger,john-wasserberger,42,0,0,0,0,
wisconsin-challenge-series,2003,97,Mark Van,mark-van,42,0,0,0,0,
wisconsin-challenge-series,2003,98,Brady Baldry,brady-baldry,42,0,0,0,0,
wisconsin-challenge-series,2003,99,Rob Retallick,rob-retallick,40,0,0,0,0,
wisconsin-challenge-series,2003,100,Greg Back,greg-back,40,0,0,0,0,
wisconsin-challenge-series,2003,101,Bo Bennish,bo-bennish,40,0,0,0,0,
wisconsin-challenge-series,2003,102,Joel Schultz,joel-schultz,38,0,0,0,0,
wisconsin-challenge-series,2003,103,Kurt Waush,kurt-waush,36,0,0,0,0,
wisconsin-challenge-series,2003,104,Paul Knoblock,paul-knoblock,34,0,0,0,0,
wisconsin-challenge-series,2003,105,Mike Schneider,mike-schneider,34,0,0,0,0,
wisconsin-challenge-series,2003,106,Brian Back,brian-back,34,0,0,0,0,
wisconsin-challenge-series,2003,107,Luke Westenberg,luke-westenberg,32,0,0,0,0,
wisconsin-challenge-series,2003,108,David Hoppa,david-hoppa,32,0,0,0,0,
wisconsin-challenge-series,2003,109,Troy Nelson,troy-nelson,32,0,0,0,0,
wisconsin-challenge-series,2003,110,"John Totzke, Jr.",john-totzke-jr,32,0,0,0,0,
wisconsin-challenge-series,2003,111,Steve Dobbratz,steve-dobbratz,26,0,0,0,0,
wisconsin-challenge-series,2003,112,Ross Kurth,ross-kurth,22,0,0,0,0,
wisconsin-challenge-series,2003,113,Scotty Ollerman,scotty-ollerman,3,0,0,0,0,
wisconsin-challenge-series,2003,114,Kirby Kurth,kirby-kurth,3,0,0,0,0,
wisconsin-challenge-series,2003,115,Billy Baumeister,billy-baumeister,0,0,0,0,0,
wisconsin-challenge-series,2004,1,Mark Eswein,mark-eswein,906,8,1,5,6,
wisconsin-challenge-series,2004,2,Adam Royle,adam-royle,825,7,2,5,5,
wisconsin-challenge-series,2004,3,Jason Weinkauf,jason-weinkauf,772,7,0,2,5,
wisconsin-challenge-series,2004,4,Don Turner,don-turner,756,8,0,2,6,
wisconsin-challenge-series,2004,5,Chris Weinkauf,chris-weinkauf,741,8,0,3,4,
wisconsin-challenge-series,2004,6,Charlie Menard,charlie-menard,690,6,2,6,6,
wisconsin-challenge-series,2004,7,Jeremy Lepak,jeremy-lepak,660,7,0,2,3,
wisconsin-challenge-series,2004,8,Kenny Reiser,kenny-reiser,641,7,0,0,3,
wisconsin-challenge-series,2004,9,M.G. Gajewski,m-g-gajewski,555,6,0,0,1,
wisconsin-challenge-series,2004,10,"Brian Johnson, Jr.",brian-johnson-jr,527,6,0,0,1,
wisconsin-challenge-series,2004,11,Terry Baldry,terry-baldry,522,4,1,2,3,
wisconsin-challenge-series,2004,12,Jeff Weinfurter,jeff-weinfurter,510,5,0,2,3,
wisconsin-challenge-series,2004,13,Terry Van Roy,terry-van-roy,483,6,0,1,1,
wisconsin-challenge-series,2004,14,Jeff Kendall,jeff-kendall,448,4,0,1,4,
wisconsin-challenge-series,2004,15,John Zimmerman,john-zimmerman,435,6,0,0,0,
wisconsin-challenge-series,2004,16,Dean LaPointe,dean-lapointe,399,3,0,0,0,
wisconsin-challenge-series,2004,17,Andy Tomlinson,andy-tomlinson,368,1,0,0,0,
wisconsin-challenge-series,2004,18,Ryan Mathews,ryan-mathews,359,3,0,1,3,
wisconsin-challenge-series,2004,19,Brandon Selle,brandon-selle,342,2,0,0,1,
wisconsin-challenge-series,2004,20,Scott Broughton,scott-broughton,331,3,0,0,0,
wisconsin-challenge-series,2004,21,Todd Stapleman,todd-stapleman,331,3,0,1,2,
wisconsin-challenge-series,2004,22,Kurt Guralski,kurt-guralski,318,1,0,0,0,
wisconsin-challenge-series,2004,23,Dean Schultz,dean-schultz,314,2,0,0,0,
wisconsin-challenge-series,2004,24,Gary Back,gary-back,290,3,0,2,2,
wisconsin-challenge-series,2004,25,"Jim Sauter, Jr.",jim-sauter-jr,289,2,0,1,1,
wisconsin-challenge-series,2004,26,Tony Strupp,tony-strupp,276,3,0,1,1,
wisconsin-challenge-series,2004,27,Jeff Storm,jeff-storm,270,2,0,1,2,
wisconsin-challenge-series,2004,28,Elliott Weiler,elliott-weiler,268,3,0,0,0,
wisconsin-challenge-series,2004,29,Jason Schuler,jason-schuler,238,2,1,1,2,
wisconsin-challenge-series,2004,30,"John Totzke, Jr.",john-totzke-jr,234,0,0,0,0,
wisconsin-challenge-series,2004,31,Kirby Kurth,kirby-kurth,226,2,0,0,0,
wisconsin-challenge-series,2004,32,Kenny Richards,kenny-richards,225,3,0,0,1,
wisconsin-challenge-series,2004,33,"Eugene Gregorich, Jr.",eugene-gregorich-jr,219,3,0,0,0,
wisconsin-challenge-series,2004,34,Rocky Breezer,rocky-breezer,206,1,0,0,0,
wisconsin-challenge-series,2004,35,Keith Bohmsach,keith-bohmsach,203,2,0,0,1,
wisconsin-challenge-series,2004,36,Jeff Falbe,jeff-falbe,197,1,0,0,0,
wisconsin-challenge-series,2004,37,Judd Brandl,judd-brandl,194,2,0,0,0,
wisconsin-challenge-series,2004,38,Rory Melbinger,rory-melbinger,187,3,0,0,0,
wisconsin-challenge-series,2004,39,Joe Krzykowski,joe-krzykowski,181,1,0,0,1,
wisconsin-challenge-series,2004,40,John Fraiser,john-fraiser,179,1,0,0,0,
wisconsin-challenge-series,2004,41,Pete Kempf,pete-kempf,156,0,0,0,0,
wisconsin-challenge-series,2004,42,Steve Dobbratz,steve-dobbratz,150,1,0,0,0,
wisconsin-challenge-series,2004,43,Erik Darnell,erik-darnell,145,1,1,1,1,
wisconsin-challenge-series,2004,44,Frank Kreyer,frank-kreyer,127,1,0,1,1,
wisconsin-challenge-series,2004,45,Jeff Van Oudenhoven,jeff-van-oudenhoven,119,1,0,0,0,
wisconsin-challenge-series,2004,46,Bobby Wilberg,bobby-wilberg,117,1,0,0,1,
wisconsin-challenge-series,2004,47,Jim Carlson,jim-carlson,114,0,0,0,0,
wisconsin-challenge-series,2004,48,Pete Moore,pete-moore,114,1,0,0,1,
wisconsin-challenge-series,2004,49,Nathan Haseleu,nathan-haseleu,114,1,0,0,1,
wisconsin-challenge-series,2004,50,Tim Schendel,tim-schendel,113,1,0,0,1,
wisconsin-challenge-series,2004,51,Mark Mackesy,mark-mackesy,108,1,0,0,0,
wisconsin-challenge-series,2004,52,Andrew Morrissey,andrew-morrissey,106,1,0,0,1,
wisconsin-challenge-series,2004,53,Mark Schroeder,mark-schroeder,106,1,0,0,1,
wisconsin-challenge-series,2004,54,Steve Carlson,steve-carlson,98,1,0,0,1,
wisconsin-challenge-series,2004,55,Brian Back,brian-back,98,1,0,0,1,
wisconsin-challenge-series,2004,56,Rod Wheeler,rod-wheeler,97,1,0,0,0,
wisconsin-challenge-series,2004,57,Mike Held,mike-held,96,0,0,0,0,
wisconsin-challenge-series,2004,58,Dan Fredrickson,dan-fredrickson,92,1,0,0,0,
wisconsin-challenge-series,2004,59,Aaron Falbe,aaron-falbe,92,1,0,0,0,
wisconsin-challenge-series,2004,60,Ben Pettis,ben-pettis,92,1,0,0,1,
wisconsin-challenge-series,2004,61,Scott Nottestad,scott-nottestad,90,1,0,0,1,
wisconsin-challenge-series,2004,62,Chad Devine,chad-devine,88,0,0,0,0,
wisconsin-challenge-series,2004,63,Jeff Richards,jeff-richards,87,1,0,0,0,
wisconsin-challenge-series,2004,64,Jesse Haase,jesse-haase,87,0,0,0,0,
wisconsin-challenge-series,2004,65,Andy Monday,andy-monday,81,1,0,0,0,
wisconsin-challenge-series,2004,66,Eddie Hoffman,eddie-hoffman,78,1,0,0,0,
wisconsin-challenge-series,2004,67,"Rich Schumann, Jr.",rich-schumann-jr,76,0,0,0,0,
wisconsin-challenge-series,2004,68,Dean Cornelius,dean-cornelius,75,1,0,0,0,
wisconsin-challenge-series,2004,69,Kevin Tunks,kevin-tunks,75,1,0,0,0,
wisconsin-challenge-series,2004,70,"John Ovadal, Jr.",john-ovadal-jr,75,1,0,0,0,
wisconsin-challenge-series,2004,71,Steve Campbell,steve-campbell,75,1,0,0,0,
wisconsin-challenge-series,2004,72,Allen Check,allen-check,75,1,0,0,0,
wisconsin-challenge-series,2004,73,Ryan Manthei,ryan-manthei,72,0,0,0,0,
wisconsin-challenge-series,2004,74,Steve Gress,steve-gress,72,0,0,0,0,
wisconsin-challenge-series,2004,75,Burton Brown,burton-brown,70,0,0,0,0,
wisconsin-challenge-series,2004,76,Jim Jarlsberg,jim-jarlsberg,67,1,0,0,0,
wisconsin-challenge-series,2004,77,Pete Vandermolen,pete-vandermolen,66,1,0,0,0,
wisconsin-challenge-series,2004,78,Adam Degenhardt,adam-degenhardt,66,1,0,0,0,
wisconsin-challenge-series,2004,79,Troy Nelson,troy-nelson,65,1,0,0,0,
wisconsin-challenge-series,2004,80,Kevin Brescia,kevin-brescia,63,1,0,0,0,
wisconsin-challenge-series,2004,81,Steve Holzhausen,steve-holzhausen,60,1,0,0,1,
wisconsin-challenge-series,2004,82,Frank Nitzke,frank-nitzke,57,1,0,0,0,
wisconsin-challenge-series,2004,83,Tim Rothe,tim-rothe,54,1,0,0,0,
wisconsin-challenge-series,2004,84,Dave Feiler,dave-feiler,52,1,0,0,0,
wisconsin-challenge-series,2004,85,Brent Strelka,brent-strelka,50,0,0,0,0,
wisconsin-challenge-series,2004,86,John Knaus,john-knaus,42,0,0,0,0,
wisconsin-challenge-series,2004,87,Bobby McDonald,bobby-mcdonald,42,0,0,0,0,
wisconsin-challenge-series,2004,88,Greg Weinfurter,greg-weinfurter,40,0,0,0,0,
wisconsin-challenge-series,2004,89,Aaron Wilke,aaron-wilke,40,0,0,0,0,
wisconsin-challenge-series,2004,90,Steve Rubeck,steve-rubeck,38,0,0,0,0,
wisconsin-challenge-series,2004,91,Brandon Blashe,brandon-blashe,38,0,0,0,0,
wisconsin-challenge-series,2004,92,Kevin Baldry,kevin-baldry,38,0,0,0,0,
wisconsin-challenge-series,2004,93,Kurt Clapper,kurt-clapper,38,0,0,0,0,
wisconsin-challenge-series,2004,94,Greg Back,greg-back,38,0,0,0,0,
wisconsin-challenge-series,2004,95,Brad Wildes,brad-wildes,38,0,0,0,0,
wisconsin-challenge-series,2004,96,"Tom Gee, Jr.",tom-gee-jr,36,0,0,0,0,
wisconsin-challenge-series,2004,97,Travis Dodson,travis-dodson,36,0,0,0,0,
wisconsin-challenge-series,2004,98,Callin Harrell,callin-harrell,36,0,0,0,0,
wisconsin-challenge-series,2004,99,Jeff Steenbergen,jeff-steenbergen,34,0,0,0,0,
wisconsin-challenge-series,2004,100,Eric Wisz,eric-wisz,34,0,0,0,0,
wisconsin-challenge-series,2004,101,Dan Chesmore,dan-chesmore,32,0,0,0,0,
wisconsin-challenge-series,2004,102,Rene Scheinoha,rene-scheinoha,32,0,0,0,0,
wisconsin-challenge-series,2004,103,Darin Seubert,darin-seubert,32,0,0,0,0,
wisconsin-challenge-series,2004,104,Bruce Bill,bruce-bill,30,0,0,0,0,
wisconsin-challenge-series,2004,105,Jon Hornby,jon-hornby,28,0,0,0,0,
wisconsin-challenge-series,2004,106,Terry Patnode,terry-patnode,28,0,0,0,0,
wisconsin-challenge-series,2004,107,Joel Schultz,joel-schultz,28,0,0,0,0,
wisconsin-challenge-series,2004,108,Paul Knoblock,paul-knoblock,28,0,0,0,0,
wisconsin-challenge-series,2004,109,Ken Beach,ken-beach,26,0,0,0,0,
wisconsin-challenge-series,2004,110,Chris Grimes,chris-grimes,24,0,0,0,0,
wisconsin-challenge-series,2004,111,Dexter Bean,dexter-bean,22,0,0,0,0,
wisconsin-challenge-series,2004,112,Brad Mueller,brad-mueller,18,0,0,0,0,
wisconsin-challenge-series,2004,113,Matt Kocourek,matt-kocourek,18,0,0,0,0,
wisconsin-challenge-series,2004,114,Russ Weiler,russ-weiler,18,0,0,0,0,
wisconsin-challenge-series,2004,115,Jeff Fritz,jeff-fritz,18,0,0,0,0,
wisconsin-challenge-series,2005,1,Nathan Haseleu,nathan-haseleu,1050,8,3,7,7,
wisconsin-challenge-series,2005,2,Mark Eswein,mark-eswein,870,8,0,3,5,
wisconsin-challenge-series,2005,3,Jeff Kendall,jeff-kendall,865,8,1,2,5,
wisconsin-challenge-series,2005,4,Ryan Mathews,ryan-mathews,852,9,0,2,5,
wisconsin-challenge-series,2005,5,Jeremy Lepak,jeremy-lepak,846,9,0,2,5,
wisconsin-challenge-series,2005,6,Charlie Menard,charlie-menard,787,8,1,3,3,
wisconsin-challenge-series,2005,7,Adam Royle,adam-royle,774,9,0,2,2,
wisconsin-challenge-series,2005,8,Dexter Bean,dexter-bean,688,7,1,3,3,
wisconsin-challenge-series,2005,9,Jason Weinkauf,jason-weinkauf,678,7,0,1,4,
wisconsin-challenge-series,2005,10,Frank Kreyer,frank-kreyer,649,7,0,0,1,
wisconsin-challenge-series,2005,11,Rory Melbinger,rory-melbinger,619,5,0,3,5,
wisconsin-challenge-series,2005,12,Chris Weinkauf,chris-weinkauf,609,6,0,0,2,
wisconsin-challenge-series,2005,13,Kenny Richards,kenny-richards,608,6,0,0,3,
wisconsin-challenge-series,2005,14,John Zimmerman,john-zimmerman,593,5,0,1,3,
wisconsin-challenge-series,2005,15,M.G. Gajewski,m-g-gajewski,552,5,0,0,1,
wisconsin-challenge-series,2005,16,Terry Baldry,terry-baldry,527,5,0,0,2,
wisconsin-challenge-series,2005,17,Blake Horstman,blake-horstman,516,4,0,0,1,
wisconsin-challenge-series,2005,18,Burton Brown,burton-brown,396,2,0,0,1,
wisconsin-challenge-series,2005,19,Erik Darnell,erik-darnell,385,4,1,2,2,
wisconsin-challenge-series,2005,20,Don Turner,don-turner,381,3,0,0,0,
wisconsin-challenge-series,2005,21,Jeff Weinfurter,jeff-weinfurter,380,5,0,0,0,
wisconsin-challenge-series,2005,22,Brandon Selle,brandon-selle,378,1,0,0,1,
wisconsin-challenge-series,2005,23,Kenny Reiser,kenny-reiser,362,1,0,1,1,
wisconsin-challenge-series,2005,24,Andy Monday,andy-monday,362,2,0,1,1,
wisconsin-challenge-series,2005,25,"Jim Sauter, Jr.",jim-sauter-jr,358,2,0,0,0,
wisconsin-challenge-series,2005,26,Jeremy Miller,jeremy-miller,330,3,0,1,1,
wisconsin-challenge-series,2005,27,Dean LaPointe,dean-lapointe,329,1,0,0,0,
wisconsin-challenge-series,2005,28,Brad Wildes,brad-wildes,327,2,0,0,1,
wisconsin-challenge-series,2005,29,Steve Carlson,steve-carlson,322,3,0,2,3,
wisconsin-challenge-series,2005,30,Steve Holzhausen,steve-holzhausen,317,4,0,0,1,
wisconsin-challenge-series,2005,31,Allen Check,allen-check,314,3,0,1,2,
wisconsin-challenge-series,2005,32,Frank Nitzke,frank-nitzke,297,2,0,0,1,
wisconsin-challenge-series,2005,33,Andrew Morrissey,andrew-morrissey,277,3,0,1,2,
wisconsin-challenge-series,2005,34,Jeff Van Oudenhoven,jeff-van-oudenhoven,273,2,1,2,2,
wisconsin-challenge-series,2005,35,Todd Stapleman,todd-stapleman,262,2,0,0,0,
wisconsin-challenge-series,2005,36,Callin Harrell,callin-harrell,250,0,0,0,0,
wisconsin-challenge-series,2005,37,Elliott Weiler,elliott-weiler,246,0,0,0,0,
wisconsin-challenge-series,2005,38,Kyle Davis,kyle-davis,238,0,0,0,0,
wisconsin-challenge-series,2005,39,"Eugene Gregorich, Jr.",eugene-gregorich-jr,226,2,1,1,1,
wisconsin-challenge-series,2005,40,Mark Schroeder,mark-schroeder,223,2,0,0,2,
wisconsin-challenge-series,2005,41,Rod Wheeler,rod-wheeler,215,2,0,1,2,
wisconsin-challenge-series,2005,42,Kelly Bires,kelly-bires,211,3,0,0,0,
wisconsin-challenge-series,2005,43,Dean Cornelius,dean-cornelius,208,2,0,1,2,
wisconsin-challenge-series,2005,44,Kyle Kinder,kyle-kinder,203,1,0,0,0,
wisconsin-challenge-series,2005,45,Jim Duchow,jim-duchow,198,1,0,1,1,
wisconsin-challenge-series,2005,46,Jamie Iverson,jamie-iverson,198,3,0,0,0,
wisconsin-challenge-series,2005,47,Greg Back,greg-back,197,1,0,0,0,
wisconsin-challenge-series,2005,48,Rich Loch,rich-loch,188,1,0,1,1,
wisconsin-challenge-series,2005,49,Eric Wisz,eric-wisz,178,0,0,0,0,
wisconsin-challenge-series,2005,50,Tim Rothe,tim-rothe,172,2,0,0,0,
wisconsin-challenge-series,2005,51,Rick Corso,rick-corso,169,2,0,0,0,
wisconsin-challenge-series,2005,52,Tim Schendel,tim-schendel,167,2,0,0,1,
wisconsin-challenge-series,2005,53,Kurt Guralski,kurt-guralski,156,1,0,0,0,
wisconsin-challenge-series,2005,54,Kevin Tunks,kevin-tunks,152,1,0,0,0,
wisconsin-challenge-series,2005,55,Pete Vandermolen,pete-vandermolen,151,0,0,0,0,
wisconsin-challenge-series,2005,56,Brady Baldry,brady-baldry,150,1,0,0,0,
wisconsin-challenge-series,2005,57,Adam Degenhardt,adam-degenhardt,148,0,0,0,0,
wisconsin-challenge-series,2005,58,Tim Hintz,tim-hintz,140,0,0,0,0,
wisconsin-challenge-series,2005,59,Jim Carlson,jim-carlson,134,1,0,0,1,
wisconsin-challenge-series,2005,60,Duwayne Davis,duwayne-davis,126,0,0,0,0,
wisconsin-challenge-series,2005,61,"John Totzke, Jr.",john-totzke-jr,125,1,0,0,0,
wisconsin-challenge-series,2005,62,"Brian Johnson, Jr.",brian-johnson-jr,120,1,0,1,1,
wisconsin-challenge-series,2005,63,Matt Kocourek,matt-kocourek,120,0,0,0,0,
wisconsin-challenge-series,2005,64,"Tom Gee, Jr.",tom-gee-jr,119,0,0,0,0,
wisconsin-challenge-series,2005,65,Carl Edwards,carl-edwards,114,1,0,1,1,
wisconsin-challenge-series,2005,66,Travis Sauter,travis-sauter,114,1,0,0,0,
wisconsin-challenge-series,2005,67,Tom Hockers,tom-hockers,106,1,0,0,0,
wisconsin-challenge-series,2005,68,Rocky Breezer,rocky-breezer,102,0,0,0,0,
wisconsin-challenge-series,2005,69,Keith Bohmsach,keith-bohmsach,98,0,0,0,0,
wisconsin-challenge-series,2005,70,John Meidam,john-meidam,96,1,0,0,0,
wisconsin-challenge-series,2005,71,Terry Van Roy,terry-van-roy,94,1,0,0,1,
wisconsin-challenge-series,2005,72,Gregg Haese,gregg-haese,94,0,0,0,0,
wisconsin-challenge-series,2005,73,"John Ovadal, Jr.",john-ovadal-jr,92,0,0,0,0,
wisconsin-challenge-series,2005,74,Rod Brewe,rod-brewe,92,1,0,0,0,
wisconsin-challenge-series,2005,75,Pete Kempf,pete-kempf,90,0,0,0,0,
wisconsin-challenge-series,2005,76,Mike Gardner,mike-gardner,81,1,0,0,0,
wisconsin-challenge-series,2005,77,Ben Pettis,ben-pettis,81,1,0,0,0,
wisconsin-challenge-series,2005,78,Bobby McDonald,bobby-mcdonald,80,0,0,0,0,
wisconsin-challenge-series,2005,79,Kirby Kurth,kirby-kurth,78,1,0,0,0,
wisconsin-challenge-series,2005,80,Robb Vanderloop,robb-vanderloop,76,0,0,0,0,
wisconsin-challenge-series,2005,81,Mark Mackesy,mark-mackesy,70,0,0,0,0,
wisconsin-challenge-series,2005,82,Brent Strelka,brent-strelka,68,0,0,0,0,
wisconsin-challenge-series,2005,83,Jim Jarlsberg,jim-jarlsberg,66,1,0,0,0,
wisconsin-challenge-series,2005,84,Jesse Haase,jesse-haase,66,1,0,0,0,
wisconsin-challenge-series,2005,85,Jason Vandenberg,jason-vandenberg,64,0,0,0,0,
wisconsin-challenge-series,2005,86,Doug Drost,doug-drost,63,1,0,0,0,
wisconsin-challenge-series,2005,87,Gregg Ruffalo,gregg-ruffalo,62,0,0,0,0,
wisconsin-challenge-series,2005,88,Jason Erickson,jason-erickson,57,1,0,0,0,
wisconsin-challenge-series,2005,89,Brian Back,brian-back,57,1,0,0,0,
wisconsin-challenge-series,2005,90,Tom Lichtfeld,tom-lichtfeld,55,1,0,0,0,
wisconsin-challenge-series,2005,91,Jason Schuler,jason-schuler,54,1,0,0,0,
wisconsin-challenge-series,2005,92,Bob Danes,bob-danes,52,0,0,0,0,
wisconsin-challenge-series,2005,93,Lowell Bennett,lowell-bennett,50,1,0,0,0,
wisconsin-challenge-series,2005,94,Nate Van Wychen,nate-van-wychen,50,0,0,0,0,
wisconsin-challenge-series,2005,95,Bret Widdis,bret-widdis,48,0,0,0,0,
wisconsin-challenge-series,2005,96,Dan Chesmore,dan-chesmore,44,0,0,0,0,
wisconsin-challenge-series,2005,97,Russ Blakeley,russ-blakeley,42,0,0,0,0,
wisconsin-challenge-series,2005,98,Nick Schumacher,nick-schumacher,42,0,0,0,0,
wisconsin-challenge-series,2005,99,Joe Krzykowski,joe-krzykowski,38,0,0,0,0,
wisconsin-challenge-series,2005,100,Tony Strupp,tony-strupp,36,0,0,0,0,
wisconsin-challenge-series,2005,101,Terry Patnode,terry-patnode,36,0,0,0,0,
wisconsin-challenge-series,2005,102,Mark Van,mark-van,36,0,0,0,0,
wisconsin-challenge-series,2005,103,Pat Tushoski,pat-tushoski,34,0,0,0,0,
wisconsin-challenge-series,2005,104,Matt Derricks,matt-derricks,32,0,0,0,0,
wisconsin-challenge-series,2005,105,Shane Morrissey,shane-morrissey,32,0,0,0,0,
wisconsin-challenge-series,2005,106,Clint Sillars,clint-sillars,32,0,0,0,0,
wisconsin-challenge-series,2005,107,John Froelich,john-froelich,30,0,0,0,0,
wisconsin-challenge-series,2005,108,Mike Schmitz,mike-schmitz,28,0,0,0,0,
wisconsin-challenge-series,2005,109,Matt Kenseth,matt-kenseth,25,1,0,0,1,
wisconsin-challenge-series,2005,110,Randy LaJoie,randy-lajoie,25,1,0,0,0,
wisconsin-challenge-series,2005,111,Brad Mueller,brad-mueller,25,1,0,0,0,
wisconsin-challenge-series,2005,112,Conrad Morgan,conrad-morgan,24,0,0,0,0,
wisconsin-challenge-series,2005,113,Jason Kirsling,jason-kirsling,24,0,0,0,0,
wisconsin-challenge-series,2005,114,Wayne Mackesy,wayne-mackesy,24,0,0,0,0,
wisconsin-challenge-series,2006,1,Nathan Haseleu,nathan-haseleu,1152,11,4,5,7,
wisconsin-challenge-series,2006,2,Kenny Richards,kenny-richards,1114,11,1,6,6,
wisconsin-challenge-series,2006,3,Jeff Kendall,jeff-kendall,1028,11,0,2,7,
wisconsin-challenge-series,2006,4,Mark Eswein,mark-eswein,1021,10,0,4,6,
wisconsin-challenge-series,2006,5,Frank Kreyer,frank-kreyer,1013,11,1,3,5,
wisconsin-challenge-series,2006,6,Adam Royle,adam-royle,869,9,0,3,4,
wisconsin-challenge-series,2006,7,Andy Monday,andy-monday,856,9,0,1,4,
wisconsin-challenge-series,2006,8,Dave Feiler,dave-feiler,845,8,1,2,3,
wisconsin-challenge-series,2006,9,Steve Holzhausen,steve-holzhausen,783,6,0,2,5,
wisconsin-challenge-series,2006,10,Jason Weinkauf,jason-weinkauf,781,8,0,0,4,
wisconsin-challenge-series,2006,11,Jeremy Lepak,jeremy-lepak,747,8,0,3,4,
wisconsin-challenge-series,2006,12,Chris Weinkauf,chris-weinkauf,725,8,0,0,2,
wisconsin-challenge-series,2006,13,John Zimmerman,john-zimmerman,695,6,0,0,3,
wisconsin-challenge-series,2006,14,Blake Horstman,blake-horstman,678,6,0,1,3,
wisconsin-challenge-series,2006,15,Neil Knoblock,neil-knoblock,616,6,1,1,2,
wisconsin-challenge-series,2006,16,"Eugene Gregorich, Jr.",eugene-gregorich-jr,613,7,0,2,3,
wisconsin-challenge-series,2006,17,Steve Carlson,steve-carlson,611,6,1,1,5,
wisconsin-challenge-series,2006,18,Jacob Humphrey,jacob-humphrey,587,6,0,0,0,
wisconsin-challenge-series,2006,19,Brandon Selle,brandon-selle,584,5,0,1,1,
wisconsin-challenge-series,2006,20,Dennis Prunty,dennis-prunty,565,4,0,0,1,
wisconsin-challenge-series,2006,21,Dean Cornelius,dean-cornelius,531,7,0,0,2,
wisconsin-challenge-series,2006,22,Don Turner,don-turner,505,4,0,0,1,
wisconsin-challenge-series,2006,23,Charlie Menard,charlie-menard,477,5,0,1,3,
wisconsin-challenge-series,2006,24,Todd Stapleman,todd-stapleman,448,4,0,1,1,
wisconsin-challenge-series,2006,25,Jeff Storm,jeff-storm,440,4,0,1,1,
wisconsin-challenge-series,2006,26,Kenny Reiser,kenny-reiser,394,4,0,1,3,
wisconsin-challenge-series,2006,27,Steve Rubeck,steve-rubeck,379,4,1,1,1,
wisconsin-challenge-series,2006,28,Tim Hintz,tim-hintz,372,3,0,0,0,
wisconsin-challenge-series,2006,29,Jeff Way,jeff-way,368,1,0,0,0,
wisconsin-challenge-series,2006,30,Eric Klawitter,eric-klawitter,364,1,0,0,0,
wisconsin-challenge-series,2006,31,Andrew Morrissey,andrew-morrissey,344,3,0,1,1,
wisconsin-challenge-series,2006,32,"Brian Johnson, Jr.",brian-johnson-jr,336,4,0,1,1,
wisconsin-challenge-series,2006,33,Tommy Pecaro,tommy-pecaro,335,3,0,0,0,
wisconsin-challenge-series,2006,34,Nick Hammer,nick-hammer,334,2,0,0,0,
wisconsin-challenge-series,2006,35,Trent Snyder,trent-snyder,330,3,0,1,2,
wisconsin-challenge-series,2006,36,Frank Nitzke,frank-nitzke,327,2,0,1,1,
wisconsin-challenge-series,2006,37,Bryan Roach,bryan-roach,305,2,0,0,0,
wisconsin-challenge-series,2006,38,Rory Melbinger,rory-melbinger,292,4,0,0,0,
wisconsin-challenge-series,2006,39,Jeremy Miller,jeremy-miller,274,3,0,0,1,
wisconsin-challenge-series,2006,40,Tim Rothe,tim-rothe,270,3,0,1,1,
wisconsin-challenge-series,2006,41,Rod Wheeler,rod-wheeler,251,2,1,2,2,
wisconsin-challenge-series,2006,42,Burton Brown,burton-brown,236,2,0,0,0,
wisconsin-challenge-series,2006,43,Gregg Ruffalo,gregg-ruffalo,230,0,0,0,0,
wisconsin-challenge-series,2006,44,Lowell Bennett,lowell-bennett,221,2,0,1,2,
wisconsin-challenge-series,2006,45,Terry Baldry,terry-baldry,213,2,0,1,2,
wisconsin-challenge-series,2006,46,Kyle Kinder,kyle-kinder,203,1,0,0,0,
wisconsin-challenge-series,2006,47,Bob Danes,bob-danes,202,2,0,0,0,
wisconsin-challenge-series,2006,48,Tim Schendel,tim-schendel,191,2,0,0,1,
wisconsin-challenge-series,2006,49,Kyle Calmes,kyle-calmes,180,2,0,0,0,
wisconsin-challenge-series,2006,50,Jim Carlson,jim-carlson,178,1,0,0,0,
wisconsin-challenge-series,2006,51,Jim Duchow,jim-duchow,177,2,0,0,1,
wisconsin-challenge-series,2006,52,Elliott Weiler,elliott-weiler,173,1,0,0,0,
wisconsin-challenge-series,2006,53,Ben Pettis,ben-pettis,167,1,0,0,0,
wisconsin-challenge-series,2006,54,Chris Skrede,chris-skrede,167,0,0,0,0,
wisconsin-challenge-series,2006,55,Chad Davidson,chad-davidson,166,0,0,0,0,
wisconsin-challenge-series,2006,56,Terry Patnode,terry-patnode,164,1,0,0,0,
wisconsin-challenge-series,2006,57,Tod Kropf,tod-kropf,146,0,0,0,0,
wisconsin-challenge-series,2006,58,Jason Tyler,jason-tyler,145,2,0,0,0,
wisconsin-challenge-series,2006,59,Scotty Ollerman,scotty-ollerman,144,2,0,0,1,
wisconsin-challenge-series,2006,60,Dexter Bean,dexter-bean,143,2,0,0,0,
wisconsin-challenge-series,2006,61,Jamie Wallace,jamie-wallace,139,1,0,0,0,
wisconsin-challenge-series,2006,62,Tom Lichtfeld,tom-lichtfeld,137,1,0,0,1,
wisconsin-challenge-series,2006,63,Jason Vandenberg,jason-vandenberg,135,1,0,0,0,
wisconsin-challenge-series,2006,64,Dale Nottestad,dale-nottestad,134,2,0,0,0,
wisconsin-challenge-series,2006,65,Jamie Iverson,jamie-iverson,130,2,0,0,0,
wisconsin-challenge-series,2006,66,John Meidam,john-meidam,128,1,0,0,1,
wisconsin-challenge-series,2006,67,Pete Vandermolen,pete-vandermolen,126,0,0,0,0,
wisconsin-challenge-series,2006,68,Matt Kocourek,matt-kocourek,121,0,0,0,0,
wisconsin-challenge-series,2006,69,Jonathan Eilen,jonathan-eilen,121,1,0,0,0,
wisconsin-challenge-series,2006,70,Mike Gardner,mike-gardner,119,1,0,1,1,
wisconsin-challenge-series,2006,71,Benjamin Brinkman,benjamin-brinkman,119,0,0,0,0,
wisconsin-challenge-series,2006,72,Keith Bohmsach,keith-bohmsach,119,1,0,0,0,
wisconsin-challenge-series,2006,73,Jeff Weinfurter,jeff-weinfurter,116,0,0,0,0,
wisconsin-challenge-series,2006,74,Jeff Van Oudenhoven,jeff-van-oudenhoven,116,1,0,0,1,
wisconsin-challenge-series,2006,75,Josh Vadnais,josh-vadnais,115,1,0,1,1,
wisconsin-challenge-series,2006,76,Brandon Hill,brandon-hill,113,0,0,0,0,
wisconsin-challenge-series,2006,77,John Fraiser,john-fraiser,108,0,0,0,0,
wisconsin-challenge-series,2006,78,Mike DeKeuster,mike-dekeuster,105,0,0,0,0,
wisconsin-challenge-series,2006,79,Robb Vanderloop,robb-vanderloop,102,1,0,0,0,
wisconsin-challenge-series,2006,80,Pete Moore,pete-moore,101,0,0,0,0,
wisconsin-challenge-series,2006,81,Erik Darnell,erik-darnell,98,1,0,0,1,
wisconsin-challenge-series,2006,82,Terry Korth,terry-korth,91,1,0,0,1,
wisconsin-challenge-series,2006,83,Ricky Bilderback,ricky-bilderback,88,1,0,0,0,
wisconsin-challenge-series,2006,84,Darren Wolke,darren-wolke,82,1,0,0,0,
wisconsin-challenge-series,2006,85,Jake Ryan,jake-ryan,81,1,0,0,0,
wisconsin-challenge-series,2006,86,M.G. Gajewski,m-g-gajewski,81,1,0,0,0,
wisconsin-challenge-series,2006,87,"Jeff Holmgren, Jr.",jeff-holmgren-jr,80,0,0,0,0,
wisconsin-challenge-series,2006,88,Mark Schroeder,mark-schroeder,78,1,0,0,0,
wisconsin-challenge-series,2006,89,Josh Bauer,josh-bauer,78,1,0,0,0,
wisconsin-challenge-series,2006,90,Chad Barker,chad-barker,77,0,0,0,0,
wisconsin-challenge-series,2006,91,Josh Weir,josh-weir,75,0,0,0,0,
wisconsin-challenge-series,2006,92,Pete Kempf,pete-kempf,72,2,0,0,0,
wisconsin-challenge-series,2006,93,Callin Harrell,callin-harrell,70,0,0,0,0,
wisconsin-challenge-series,2006,94,"Tom Gee, Jr.",tom-gee-jr,70,0,0,0,0,
wisconsin-challenge-series,2006,95,Adam Degenhardt,adam-degenhardt,68,0,0,0,0,
wisconsin-challenge-series,2006,96,Dean LaPointe,dean-lapointe,68,0,0,0,0,
wisconsin-challenge-series,2006,97,Nate Van Wychen,nate-van-wychen,66,1,0,0,0,
wisconsin-challenge-series,2006,98,Wayne Mackesy,wayne-mackesy,66,0,0,0,0,
wisconsin-challenge-series,2006,99,Eddie Hoffman,eddie-hoffman,58,1,0,0,0,
wisconsin-challenge-series,2006,100,Travis Sauter,travis-sauter,57,1,0,0,0,
wisconsin-challenge-series,2006,101,Mark Mackesy,mark-mackesy,56,0,0,0,0,
wisconsin-challenge-series,2006,102,Ken Wills,ken-wills,54,1,0,0,0,
wisconsin-challenge-series,2006,103,Chad Devine,chad-devine,52,0,0,0,0,
wisconsin-challenge-series,2006,104,Russ Blakeley,russ-blakeley,52,1,0,0,0,
wisconsin-challenge-series,2006,105,Michael Bachaus,michael-bachaus,52,0,0,0,0,
wisconsin-challenge-series,2006,106,Kyle Davis,kyle-davis,50,0,0,0,0,
wisconsin-challenge-series,2006,107,Brady Baldry,brady-baldry,48,0,0,0,0,
wisconsin-challenge-series,2006,108,Matt Gawronski,matt-gawronski,45,0,0,0,0,
wisconsin-challenge-series,2006,109,Benny Van Cleve,benny-van-cleve,43,0,0,0,0,
wisconsin-challenge-series,2006,110,Tom Hockers,tom-hockers,40,0,0,0,0,
wisconsin-challenge-series,2006,111,Steve Campbell,steve-campbell,38,0,0,0,0,
wisconsin-challenge-series,2006,112,Keith Romenesko,keith-romenesko,38,0,0,0,0,
wisconsin-challenge-series,2006,113,Nick Schumacher,nick-schumacher,38,0,0,0,0,
wisconsin-challenge-series,2006,114,Rick Corso,rick-corso,36,0,0,0,0,
wisconsin-challenge-series,2006,115,Joe Krzykowski,joe-krzykowski,34,0,0,0,0,
wisconsin-challenge-series,2006,116,Mark Kraus,mark-kraus,34,0,0,0,0,
wisconsin-challenge-series,2006,117,Brad Dahmer,brad-dahmer,32,0,0,0,0,
wisconsin-challenge-series,2006,118,Cale Laessig,cale-laessig,32,0,0,0,0,
wisconsin-challenge-series,2006,119,"John Totzke, Jr.",john-totzke-jr,30,0,0,0,0,
wisconsin-challenge-series,2006,120,Kurt Clapper,kurt-clapper,28,0,0,0,0,
wisconsin-challenge-series,2006,121,Cory Kemkes,cory-kemkes,28,0,0,0,0,
wisconsin-challenge-series,2006,122,Sarah Blashe,sarah-blashe,24,0,0,0,0,
wisconsin-challenge-series,2006,123,John Baumeister,john-baumeister,20,0,0,0,0,
wisconsin-challenge-series,2006,124,Rich Loch,rich-loch,18,0,0,0,0,
wisconsin-challenge-series,2006,125,Jay Vandergeest,jay-vandergeest,18,0,0,0,0,
wisconsin-challenge-series,2006,126,John Froelich,john-froelich,18,0,0,0,0,
wisconsin-challenge-series,2006,127,Mark Gunderson,mark-gunderson,18,0,0,0,0,
wisconsin-challenge-series,2006,128,Jim Schmittinger,jim-schmittinger,15,0,0,0,0,
wisconsin-challenge-series,2006,129,John Nelson,john-nelson,15,0,0,0,0,
wisconsin-challenge-series,2006,130,Matt Mylin,matt-mylin,5,0,0,0,0,
wisconsin-challenge-series,2006,131,Bob Trapp,bob-trapp,5,0,0,0,0,
wisconsin-challenge-series,2006,132,Chris Sevey,chris-sevey,5,0,0,0,0,
wisconsin-challenge-series,2006,133,Tommy Gibbons,tommy-gibbons,5,0,0,0,0,
wisconsin-challenge-series,2006,134,Brian Class,brian-class,0,0,0,0,0,
wisconsin-challenge-series,2007,1,Nathan Haseleu,nathan-haseleu,1149,11,2,5,10,
wisconsin-challenge-series,2007,2,Kenny Richards,kenny-richards,1110,11,1,6,9,
wisconsin-challenge-series,2007,3,Mark Eswein,mark-eswein,1089,11,1,6,9,
wisconsin-challenge-series,2007,4,Andy Monday,andy-monday,1001,11,1,3,8,
wisconsin-challenge-series,2007,5,Tim Rothe,tim-rothe,935,11,1,3,7,
wisconsin-challenge-series,2007,6,Andrew Morrissey,andrew-morrissey,844,9,0,4,6,
wisconsin-challenge-series,2007,7,Kyle Calmes,kyle-calmes,783,10,0,1,4,
wisconsin-challenge-series,2007,8,Frank Kreyer,frank-kreyer,764,7,0,3,4,
wisconsin-challenge-series,2007,9,"Eugene Gregorich, Jr.",eugene-gregorich-jr,758,9,0,3,5,
wisconsin-challenge-series,2007,10,Dillon Kralovetz,dillon-kralovetz,680,10,0,0,1,
wisconsin-challenge-series,2007,11,Steve Holzhausen,steve-holzhausen,662,3,1,3,3,
wisconsin-challenge-series,2007,12,Brandon Selle,brandon-selle,631,8,0,0,0,
wisconsin-challenge-series,2007,13,Jason Weinkauf,jason-weinkauf,600,8,0,0,2,
wisconsin-challenge-series,2007,14,Jeremy Lepak,jeremy-lepak,576,7,1,3,3,
wisconsin-challenge-series,2007,15,Kenny Reiser,kenny-reiser,464,4,0,1,3,
wisconsin-challenge-series,2007,16,Jacob Humphrey,jacob-humphrey,434,7,0,0,1,
wisconsin-challenge-series,2007,17,Don Turner,don-turner,366,5,0,0,1,
wisconsin-challenge-series,2007,18,Frank Nitzke,frank-nitzke,358,5,0,0,1,
wisconsin-challenge-series,2007,19,Neil Knoblock,neil-knoblock,273,3,0,0,1,
wisconsin-challenge-series,2007,20,Blake Horstman,blake-horstman,265,3,0,0,2,
wisconsin-challenge-series,2007,21,John Zimmerman,john-zimmerman,259,3,0,1,1,
wisconsin-challenge-series,2007,22,Keith Bohmsach,keith-bohmsach,249,2,0,1,2,
wisconsin-challenge-series,2007,23,Pete Vandermolen,pete-vandermolen,247,3,0,0,0,
wisconsin-challenge-series,2007,24,Tim Hintz,tim-hintz,211,3,0,0,0,
wisconsin-challenge-series,2007,25,Bobby Wilberg,bobby-wilberg,210,2,0,0,2,
wisconsin-challenge-series,2007,26,Steve Rubeck,steve-rubeck,205,2,1,1,1,
wisconsin-challenge-series,2007,27,Josh Bauer,josh-bauer,196,3,0,1,2,
wisconsin-challenge-series,2007,28,Dave Feiler,dave-feiler,192,2,0,1,1,
wisconsin-challenge-series,2007,29,Gregg Ruffalo,gregg-ruffalo,187,2,0,0,0,
wisconsin-challenge-series,2007,30,Matt Kocourek,matt-kocourek,182,2,0,0,1,
wisconsin-challenge-series,2007,,Terry Baldry,terry-baldry,,3,0,0,1,
wisconsin-challenge-series,2007,,Pete Kempf,pete-kempf,,3,0,0,0,
wisconsin-challenge-series,2007,,Jeff Van Oudenhoven,jeff-van-oudenhoven,,3,0,0,1,
wisconsin-challenge-series,2007,,Lowell Bennett,lowell-bennett,,2,0,0,0,
wisconsin-challenge-series,2007,,Burton Brown,burton-brown,,2,0,0,0,
wisconsin-challenge-series,2007,,Wes Coon,wes-coon,,2,0,0,0,
wisconsin-challenge-series,2007,,Jim Duchow,jim-duchow,,2,0,0,1,
wisconsin-challenge-series,2007,,Mike Gardner,mike-gardner,,2,1,2,2,
wisconsin-challenge-series,2007,,M.G. Gajewski,m-g-gajewski,,2,0,0,0,
wisconsin-challenge-series,2007,,Mike Gunderson,mike-gunderson,,2,0,0,0,
wisconsin-challenge-series,2007,,Gregg Haese,gregg-haese,,2,1,1,2,
wisconsin-challenge-series,2007,,Nick Hammer,nick-hammer,,2,0,0,1,
wisconsin-challenge-series,2007,,Jason Hicks,jason-hicks,,2,0,0,0,
wisconsin-challenge-series,2007,,Kyle Kinder,kyle-kinder,,2,0,0,0,
wisconsin-challenge-series,2007,,Cale Laessig,cale-laessig,,2,0,0,0,
wisconsin-challenge-series,2007,,John Meidam,john-meidam,,2,0,0,0,
wisconsin-challenge-series,2007,,Ben Pettis,ben-pettis,,2,0,0,0,
wisconsin-challenge-series,2007,,Mark Schroeder,mark-schroeder,,2,0,1,1,
wisconsin-challenge-series,2007,,Trent Snyder,trent-snyder,,2,0,0,0,
wisconsin-challenge-series,2007,,Todd Stapleman,todd-stapleman,,2,0,0,0,
wisconsin-challenge-series,2007,,Nate Van Wychen,nate-van-wychen,,2,0,0,0,
wisconsin-challenge-series,2007,,Robb Vanderloop,robb-vanderloop,,2,0,0,0,
wisconsin-challenge-series,2007,,Gary Back,gary-back,,1,0,1,1,
wisconsin-challenge-series,2007,,Dexter Bean,dexter-bean,,1,0,0,0,
wisconsin-challenge-series,2007,,Ricky Bilderback,ricky-bilderback,,1,0,0,0,
wisconsin-challenge-series,2007,,Sarah Blashe,sarah-blashe,,1,0,0,0,
wisconsin-challenge-series,2007,,Steve Carlson,steve-carlson,,1,0,0,0,
wisconsin-challenge-series,2007,,Adam Degenhardt,adam-degenhardt,,1,0,0,0,
wisconsin-challenge-series,2007,,Jacob Goede,jacob-goede,,1,0,0,0,
wisconsin-challenge-series,2007,,Andy Hanson,andy-hanson,,1,0,1,1,
wisconsin-challenge-series,2007,,Brandon Hill,brandon-hill,,1,0,0,0,
wisconsin-challenge-series,2007,,"Brian Johnson, Jr.",brian-johnson-jr,,1,0,1,1,
wisconsin-challenge-series,2007,,Jeff Kendall,jeff-kendall,,1,0,0,1,
wisconsin-challenge-series,2007,,Joe Krzykowski,joe-krzykowski,,1,0,0,0,
wisconsin-challenge-series,2007,,Dean LaPointe,dean-lapointe,,1,0,0,0,
wisconsin-challenge-series,2007,,Tom Lichtfeld,tom-lichtfeld,,1,0,0,1,
wisconsin-challenge-series,2007,,Mark Mackesy,mark-mackesy,,1,0,0,0,
wisconsin-challenge-series,2007,,Eddie May,eddie-may,,1,0,0,1,
wisconsin-challenge-series,2007,,Andy Niles,andy-niles,,1,0,0,0,
wisconsin-challenge-series,2007,,Scotty Ollerman,scotty-ollerman,,1,0,0,0,
wisconsin-challenge-series,2007,,Terry Patnode,terry-patnode,,1,0,0,0,
wisconsin-challenge-series,2007,,Tommy Pecaro,tommy-pecaro,,1,0,0,0,
wisconsin-challenge-series,2007,,Jesse Saunders,jesse-saunders,,1,0,0,1,
wisconsin-challenge-series,2007,,Kevin Seidler,kevin-seidler,,1,0,0,0,
wisconsin-challenge-series,2007,,Tony Strupp,tony-strupp,,1,0,0,0,
wisconsin-challenge-series,2007,,Jeremy Switlick,jeremy-switlick,,1,0,0,0,
wisconsin-challenge-series,2007,,"John Totzke, Jr.",john-totzke-jr,,1,0,0,0,
wisconsin-challenge-series,2007,,Kevin Tunks,kevin-tunks,,1,0,0,0,
wisconsin-challenge-series,2007,,Jay Vandergeest,jay-vandergeest,,1,0,0,1,
wisconsin-challenge-series,2007,,Jeff Way,jeff-way,,1,0,0,0,
wisconsin-challenge-series,2007,,Chris Weinkauf,chris-weinkauf,,1,0,0,0,
wisconsin-challenge-series,2007,,Chris Wimmer,chris-wimmer,,1,0,0,0,
wisconsin-challenge-series,2007,,Chad Wood,chad-wood,,1,0,1,1,
wisconsin-challenge-series,2007,,John Wood,john-wood,,1,0,0,0,
wisconsin-challenge-series,2007,,Brady Baldry,brady-baldry,,0,0,0,0,
wisconsin-challenge-series,2007,,Marshall Beck,marshall-beck,,0,0,0,0,
wisconsin-challenge-series,2007,,Benjamin Brinkman,benjamin-brinkman,,0,0,0,0,
wisconsin-challenge-series,2007,,Tim Cox,tim-cox,,0,0,0,0,
wisconsin-challenge-series,2007,,Kyle Davis,kyle-davis,,0,0,0,0,
wisconsin-challenge-series,2007,,Chad Devine,chad-devine,,0,0,0,0,
wisconsin-challenge-series,2007,,Grant Greenfield,grant-greenfield,,0,0,0,0,
wisconsin-challenge-series,2007,,Darek Gress,darek-gress,,0,0,0,0,
wisconsin-challenge-series,2007,,Chris Grimes,chris-grimes,,0,0,0,0,
wisconsin-challenge-series,2007,,Tom Lindquist,tom-lindquist,,0,0,0,0,
wisconsin-challenge-series,2007,,Wayne Mackesy,wayne-mackesy,,0,0,0,0,
wisconsin-challenge-series,2007,,Brett Piontek,brett-piontek,,0,0,0,0,
wisconsin-challenge-series,2007,,Keith Romenesko,keith-romenesko,,0,0,0,0,
wisconsin-challenge-series,2007,,Rene Scheinoha,rene-scheinoha,,0,0,0,0,
wisconsin-challenge-series,2007,,Jerry Schneider,jerry-schneider,,0,0,0,0,
wisconsin-challenge-series,2007,,Joseph Scholze,joseph-scholze,,0,0,0,0,
wisconsin-challenge-series,2007,,Jason Vandenberg,jason-vandenberg,,0,0,0,0,
wisconsin-challenge-series,2007,,Elliott Weiler,elliott-weiler,,0,0,0,0,
wisconsin-challenge-series,2007,,Jeff Weinfurter,jeff-weinfurter,,0,0,0,0,
wisconsin-challenge-series,2008,1,Steve Holzhausen,steve-holzhausen,726,6,1,5,5,
wisconsin-challenge-series,2008,2,Mark Eswein,mark-eswein,703,6,0,4,6,
wisconsin-challenge-series,2008,3,Jason Weinkauf,jason-weinkauf,627,6,0,2,5,
wisconsin-challenge-series,2008,4,Tim Rothe,tim-rothe,587,6,1,1,4,
wisconsin-challenge-series,2008,5,Chris Weinkauf,chris-weinkauf,583,6,1,2,3,
wisconsin-challenge-series,2008,6,"Eugene Gregorich, Jr.",eugene-gregorich-jr,547,6,1,1,4,
wisconsin-challenge-series,2008,7,Jeremy Lepak,jeremy-lepak,470,4,1,2,3,
wisconsin-challenge-series,2008,8,Kenny Richards,kenny-richards,456,4,0,1,3,
wisconsin-challenge-series,2008,9,Dillon Kralovetz,dillon-kralovetz,431,6,0,0,0,
wisconsin-challenge-series,2008,10,Andy Monday,andy-monday,396,5,0,0,2,
wisconsin-challenge-series,2008,11,Skylar Holzhausen,skylar-holzhausen,393,5,0,0,0,
wisconsin-challenge-series,2008,12,Frank Nitzke,frank-nitzke,382,4,0,0,1,
wisconsin-challenge-series,2008,13,Kenny Reiser,kenny-reiser,350,4,0,2,2,
wisconsin-challenge-series,2008,14,Terry Schoppenhorst,terry-schoppenhorst,334,4,0,1,1,
wisconsin-challenge-series,2008,15,Jeff Van Oudenhoven,jeff-van-oudenhoven,261,2,1,2,2,
wisconsin-challenge-series,2008,16,Wayne Mackesy,wayne-mackesy,259,2,0,0,0,
wisconsin-challenge-series,2008,17,Keith Bohmsach,keith-bohmsach,254,3,0,0,0,
wisconsin-challenge-series,2008,18,Jordan Thiel,jordan-thiel,252,3,0,0,0,
wisconsin-challenge-series,2008,19,Gregg Haese,gregg-haese,237,2,0,1,2,
wisconsin-challenge-series,2008,20,John Meidam,john-meidam,220,2,0,1,2,
wisconsin-challenge-series,2008,21,Andrew Morrissey,andrew-morrissey,214,2,0,1,2,
wisconsin-challenge-series,2008,22,Tim Hintz,tim-hintz,209,2,0,0,0,
wisconsin-challenge-series,2008,23,Mark Mackesy,mark-mackesy,186,2,0,0,0,
wisconsin-challenge-series,2008,24,Nate Van Wychen,nate-van-wychen,183,2,0,0,1,
wisconsin-challenge-series,2008,25,Don Turner,don-turner,181,2,0,0,1,
wisconsin-challenge-series,2008,26,Lowell Bennett,lowell-bennett,174,2,0,1,1,
wisconsin-challenge-series,2008,27,Pete Vandermolen,pete-vandermolen,168,1,0,0,0,
wisconsin-challenge-series,2008,28,Mark Schroeder,mark-schroeder,159,2,0,0,0,
wisconsin-challenge-series,2008,29,Maxwell Schultz,maxwell-schultz,159,2,0,0,0,
wisconsin-challenge-series,2008,30,M.G. Gajewski,m-g-gajewski,158,2,0,0,0,
wisconsin-challenge-series,2008,,Brady Baldry,brady-baldry,,2,0,0,0,
wisconsin-challenge-series,2008,,Terry Baldry,terry-baldry,,2,0,0,0,
wisconsin-challenge-series,2008,,Rory Melbinger,rory-melbinger,,2,0,0,0,
wisconsin-challenge-series,2008,,Brett Piontek,brett-piontek,,2,0,0,0,
wisconsin-challenge-series,2008,,Brandon Selle,brandon-selle,,2,0,0,0,
wisconsin-challenge-series,2008,,J.J. Smith,j-j-smith,,2,0,0,1,
wisconsin-challenge-series,2008,,Jason Vandenberg,jason-vandenberg,,2,0,0,0,
wisconsin-challenge-series,2008,,Jeff Weinfurter,jeff-weinfurter,,2,0,0,0,
wisconsin-challenge-series,2008,,Josh Bauer,josh-bauer,,1,0,0,0,
wisconsin-challenge-series,2008,,Kyle Calmes,kyle-calmes,,1,0,1,1,
wisconsin-challenge-series,2008,,Jim Carlson,jim-carlson,,1,0,0,0,
wisconsin-challenge-series,2008,,Mike Gardner,mike-gardner,,1,0,0,0,
wisconsin-challenge-series,2008,,Darek Gress,darek-gress,,1,0,0,0,
wisconsin-challenge-series,2008,,Monte Gress,monte-gress,,1,0,0,0,
wisconsin-challenge-series,2008,,Chris Grimes,chris-grimes,,1,0,0,0,
wisconsin-challenge-series,2008,,Mike Gunderson,mike-gunderson,,1,0,0,1,
wisconsin-challenge-series,2008,,Nathan Haseleu,nathan-haseleu,,1,0,0,1,
wisconsin-challenge-series,2008,,Brandon Hill,brandon-hill,,1,0,0,0,
wisconsin-challenge-series,2008,,Aaron Kania,aaron-kania,,1,0,0,0,
wisconsin-challenge-series,2008,,Jeff Kendall,jeff-kendall,,1,0,1,1,
wisconsin-challenge-series,2008,,Neil Knoblock,neil-knoblock,,1,0,1,1,
wisconsin-challenge-series,2008,,Frank Kreyer,frank-kreyer,,1,0,0,1,
wisconsin-challenge-series,2008,,Dean LaPointe,dean-lapointe,,1,0,0,1,
wisconsin-challenge-series,2008,,Dan Lensing,dan-lensing,,1,0,0,0,
wisconsin-challenge-series,2008,,Tom Lichtfeld,tom-lichtfeld,,1,0,0,0,
wisconsin-challenge-series,2008,,Doug Mahlik,doug-mahlik,,1,0,0,0,
wisconsin-challenge-series,2008,,Terry Patnode,terry-patnode,,1,0,0,0,
wisconsin-challenge-series,2008,,Keith Romenesko,keith-romenesko,,1,0,0,0,
wisconsin-challenge-series,2008,,"John Totzke, Jr.",john-totzke-jr,,1,0,0,0,
wisconsin-challenge-series,2008,,Robb Vanderloop,robb-vanderloop,,1,0,0,0,
wisconsin-challenge-series,2008,,Chris Wimmer,chris-wimmer,,1,0,0,1,
wisconsin-challenge-series,2008,,Russ Blakeley,russ-blakeley,,0,0,0,0,
wisconsin-challenge-series,2008,,Michael Bohm,michael-bohm,,0,0,0,0,0
wisconsin-challenge-series,2008,,Kevin Brescia,kevin-brescia,,0,0,0,0,
wisconsin-challenge-series,2008,,Jesse Haase,jesse-haase,,0,0,0,0,0
wisconsin-challenge-series,2008,,Callin Harrell,callin-harrell,,0,0,0,0,
wisconsin-challenge-series,2008,,Shane Morrissey,shane-morrissey,,0,0,0,0,
wisconsin-challenge-series,2008,,Jesse Oudenhoven,jesse-oudenhoven,,0,0,0,0,
wisconsin-challenge-series,2008,,Eric Roberts,eric-roberts,,0,0,0,0,
wisconsin-challenge-series,2008,,Kyle Quella,kyle-quella,,0,0,0,0,
wisconsin-challenge-series,2008,,Larry Schotten,larry-schotten,,0,0,0,0,
wisconsin-challenge-series,2009,1,Mark Eswein,mark-eswein,896,5,1,4,5,
wisconsin-challenge-series,2009,2,Steve Holzhausen,steve-holzhausen,855,5,1,4,4,
wisconsin-challenge-series,2009,3,Chris Weinkauf,chris-weinkauf,853,5,1,3,5,
wisconsin-challenge-series,2009,4,Skylar Holzhausen,skylar-holzhausen,767,5,1,1,3,
wisconsin-challenge-series,2009,5,Jason Weinkauf,jason-weinkauf,750,5,0,1,4,
wisconsin-challenge-series,2009,6,"Eugene Gregorich, Jr.",eugene-gregorich-jr,741,4,0,1,3,
wisconsin-challenge-series,2009,7,Brandon Selle,brandon-selle,670,4,0,0,2,
wisconsin-challenge-series,2009,7,Frank Nitzke,frank-nitzke,670,4,0,0,1,
wisconsin-challenge-series,2009,9,Rory Melbinger,rory-melbinger,646,5,0,0,1,
wisconsin-challenge-series,2009,10,Tim Hintz,tim-hintz,634,3,0,0,2,
wisconsin-challenge-series,2009,11,Mark Mackesy,mark-mackesy,631,4,0,1,1,
wisconsin-challenge-series,2009,12,Chad Selk,chad-selk,609,3,0,0,1,
wisconsin-challenge-series,2009,13,Darek Gress,darek-gress,582,4,0,0,0,
wisconsin-challenge-series,2009,14,Jim Duchow,jim-duchow,565,3,0,0,0,
wisconsin-challenge-series,2009,15,Kenny Reiser,kenny-reiser,556,4,0,1,2,
wisconsin-challenge-series,2009,16,Jeremy Lepak,jeremy-lepak,540,4,0,0,1,
wisconsin-challenge-series,2009,17,Andrew Morrissey,andrew-morrissey,469,3,1,1,2,
wisconsin-challenge-series,2009,18,Elliott Weiler,elliott-weiler,459,3,0,0,0,
wisconsin-challenge-series,2009,19,Tim Sauter,tim-sauter,458,2,0,2,2,
wisconsin-challenge-series,2009,20,Jack Greenwood,jack-greenwood,430,2,0,0,0,
wisconsin-challenge-series,2009,21,Jeff Weinfurter,jeff-weinfurter,420,4,0,0,1,
wisconsin-challenge-series,2009,22,Travis Sauter,travis-sauter,402,3,0,0,1,
wisconsin-challenge-series,2009,23,Dillon Kralovetz,dillon-kralovetz,391,2,0,0,1,
wisconsin-challenge-series,2009,24,Kenny Richards,kenny-richards,389,3,0,1,1,
wisconsin-challenge-series,2009,25,Tim Rothe,tim-rothe,385,3,0,0,0,
wisconsin-challenge-series,2009,26,Tim Schendel,tim-schendel,350,2,0,2,2,
wisconsin-challenge-series,2009,27,Keith Bohmsach,keith-bohmsach,274,2,0,0,1,
wisconsin-challenge-series,2009,28,Jordan Thiel,jordan-thiel,268,2,0,0,0,
wisconsin-challenge-series,2009,29,Dean LaPointe,dean-lapointe,235,2,0,0,0,
wisconsin-challenge-series,2009,30,Rene Scheinoha,rene-scheinoha,226,1,0,0,0,
wisconsin-challenge-series,2009,31,M.G. Gajewski,m-g-gajewski,223,1,0,0,0,
wisconsin-challenge-series,2009,32,Chris Wimmer,chris-wimmer,185,1,0,1,1,
wisconsin-challenge-series,2009,33,Nathan Haseleu,nathan-haseleu,170,1,0,1,1,
wisconsin-challenge-series,2009,34,Blake Horstman,blake-horstman,156,1,0,0,1,
wisconsin-challenge-series,2009,35,Johnny Sauter,johnny-sauter,152,1,0,0,1,
wisconsin-challenge-series,2009,36,Nick Mahlik,nick-mahlik,137,1,0,0,0,
wisconsin-challenge-series,2009,37,Mike Gunderson,mike-gunderson,131,1,0,0,0,
wisconsin-challenge-series,2009,38,Frank Kreyer,frank-kreyer,128,1,0,0,0,
wisconsin-challenge-series,2009,38,David Trute,david-trute,128,1,0,0,0,
wisconsin-challenge-series,2009,40,Kyle Kinder,kyle-kinder,125,1,0,0,0,
wisconsin-challenge-series,2009,41,Chris Brooks,chris-brooks,122,1,0,0,0,
wisconsin-challenge-series,2009,42,Travis Stebane,travis-stebane,120,1,0,0,0,
wisconsin-challenge-series,2009,43,Mark Van,mark-van,118,1,0,0,0,
wisconsin-challenge-series,2009,44,Dan Lensing,dan-lensing,116,1,0,0,0,
wisconsin-challenge-series,2009,45,Jeff Storm,jeff-storm,114,1,0,0,0,
wisconsin-challenge-series,2009,46,Tom Lichtfeld,tom-lichtfeld,110,1,0,0,0,
wisconsin-challenge-series,2009,46,Jeff Kendall,jeff-kendall,110,1,0,0,0,
wisconsin-challenge-series,2009,46,Terry Schoppenhorst,terry-schoppenhorst,110,1,0,0,0,
wisconsin-challenge-series,2009,46,Neil Knoblock,neil-knoblock,110,1,0,0,0,
wisconsin-challenge-series,2009,50,Wes Coon,wes-coon,109,0,0,0,0,
wisconsin-challenge-series,2009,50,Burton Brown,burton-brown,109,0,0,0,0,
wisconsin-challenge-series,2009,52,Robb Vanderloop,robb-vanderloop,107,0,0,0,0,
wisconsin-challenge-series,2009,52,Clint Sillars,clint-sillars,107,0,0,0,0,
wisconsin-challenge-series,2009,54,Don Turner,don-turner,106,0,0,0,0,
wisconsin-challenge-series,2009,55,"John Totzke, Jr.",john-totzke-jr,105,0,0,0,0,
wisconsin-challenge-series,2009,55,Larry Schotten,larry-schotten,105,0,0,0,0,
wisconsin-challenge-series,2009,57,Mike Olson (WI),mike-olson-wi,104,0,0,0,0,
wisconsin-challenge-series,2009,57,Shane Morrissey,shane-morrissey,104,0,0,0,0,
wisconsin-challenge-series,2009,59,Zach Reining,zach-reining,103,0,0,0,0,
wisconsin-challenge-series,2009,60,Dave Neitzke,dave-neitzke,102,0,0,0,0,
wisconsin-challenge-series,2009,60,Jim Carlson,jim-carlson,102,0,0,0,0,
wisconsin-challenge-series,2017,1,Chris Weinkauf,chris-weinkauf,438,4,2,4,4,
wisconsin-challenge-series,2017,2,Casey Johnson,casey-johnson,414,4,0,3,4,
wisconsin-challenge-series,2017,3,Dalton Zehr,dalton-zehr,409,4,1,2,4,
wisconsin-challenge-series,2017,4,M.G. Gajewski,m-g-gajewski,388,4,0,2,3,
wisconsin-challenge-series,2017,5,Mike Lichtfeld,mike-lichtfeld,372,4,0,3,3,
wisconsin-challenge-series,2017,6,Jeremy Lepak,jeremy-lepak,359,4,0,1,3,
wisconsin-challenge-series,2017,7,Jordan Thiel,jordan-thiel,342,4,0,0,2,
wisconsin-challenge-series,2017,8,Wyatt Brooks,wyatt-brooks,339,4,0,1,1,
wisconsin-challenge-series,2017,9,Jason Weinkauf,jason-weinkauf,286,3,0,1,2,
wisconsin-challenge-series,2017,10,Skylar Holzhausen,skylar-holzhausen,277,3,0,0,2,
wisconsin-challenge-series,2017,,Derek Kraus,derek-kraus,,3,0,0,2,
wisconsin-challenge-series,2017,,Dillon Hammond,dillon-hammond,,3,0,0,0,
wisconsin-challenge-series,2017,,James Wenzel,james-wenzel,,2,0,0,1,
wisconsin-challenge-series,2017,,Mark Eswein,mark-eswein,,2,0,0,2,
wisconsin-challenge-series,2017,,Adam Paschek,adam-paschek,,1,0,0,0,
wisconsin-challenge-series,2017,,Andrew Morrissey,andrew-morrissey,,1,1,1,1,
wisconsin-challenge-series,2017,,Bobby Kendall,bobby-kendall,,1,0,1,1,
wisconsin-challenge-series,2017,,Dan Lensing,dan-lensing,,1,0,0,0,
wisconsin-challenge-series,2017,,Darren Jackson,darren-jackson,,1,0,0,1,
wisconsin-challenge-series,2017,,Brad Tilton,brad-tilton,,1,0,1,1,
wisconsin-challenge-series,2017,,Dean LaPointe,dean-lapointe,,1,0,0,1,
wisconsin-challenge-series,2017,,Mike Egan,mike-egan,,1,0,0,0,
wisconsin-challenge-series,2017,,Brian Hakala,brian-hakala,,1,0,0,0,
wisconsin-challenge-series,2017,,Frank Nitzke,frank-nitzke,,1,0,0,0,
wisconsin-challenge-series,2017,,Jerry Brickner,jerry-brickner,,1,0,0,0,
wisconsin-challenge-series,2017,,"Jim Sauter, Jr.",jim-sauter-jr,,1,0,0,0,
wisconsin-challenge-series,2017,,John Beale,john-beale,,1,0,0,0,
wisconsin-challenge-series,2017,,Kirby Kurth,kirby-kurth,,1,0,0,0,
wisconsin-challenge-series,2017,,Lyle Nowak,lyle-nowak,,1,0,0,0,
wisconsin-challenge-series,2017,,Natalie Decker,natalie-decker,,1,0,0,0,
wisconsin-challenge-series,2017,,Rich Bickle,rich-bickle,,1,0,0,1,
wisconsin-challenge-series,2017,,"Rich Schumann, Jr.",rich-schumann-jr,,1,0,0,0,
wisconsin-challenge-series,2017,,Ryan Hinner,ryan-hinner,,1,0,0,0,
wisconsin-challenge-series,2017,,Todd Handrick,todd-handrick,,1,0,0,0,
wisconsin-challenge-series,2017,,Travis Sauter,travis-sauter,,1,0,0,1,
wisconsin-challenge-series,2017,,Tyler Radavich,tyler-radavich,,1,0,0,0,
wisconsin-challenge-series,2018,1,Ryan Farrell,ryan-farrell,403,4,1,3,4,
wisconsin-challenge-series,2018,2,Mike Lichtfeld,mike-lichtfeld,384,4,1,2,3,
wisconsin-challenge-series,2018,3,M.G. Gajewski,m-g-gajewski,378,4,0,1,4,
wisconsin-challenge-series,2018,4,Mark Eswein,mark-eswein,373,4,0,1,4,
wisconsin-challenge-series,2018,5,Justin Mondeik,justin-mondeik,370,4,0,3,3,
wisconsin-challenge-series,2018,6,Colin Reffner,colin-reffner,370,4,0,1,2,
wisconsin-challenge-series,2018,7,Wyatt Brooks,wyatt-brooks,366,4,0,2,4,
wisconsin-challenge-series,2018,8,Jordan Thiel,jordan-thiel,348,4,0,1,3,
wisconsin-challenge-series,2018,9,Reagan May,reagan-may,304,4,0,0,2,
wisconsin-challenge-series,2018,10,Travis Sauter,travis-sauter,291,3,0,2,3,
wisconsin-challenge-series,2018,11,Gabe Sommers,gabe-sommers,243,3,0,0,0,
wisconsin-challenge-series,2018,12,Jeremy Lepak,jeremy-lepak,232,3,0,0,1,
wisconsin-challenge-series,2018,13,Neil Knoblock,neil-knoblock,232,3,0,0,0,
wisconsin-challenge-series,2018,14,Luke Fenhaus,luke-fenhaus,197,2,1,2,2,
wisconsin-challenge-series,2018,15,Casey Johnson,casey-johnson,187,2,0,1,2,
wisconsin-challenge-series,2018,16,Dennis Schmidt,dennis-schmidt,136,2,0,0,0,
wisconsin-challenge-series,2018,17,Mike Egan,mike-egan,132,2,0,0,0,
wisconsin-challenge-series,2018,18,Dalton Zehr,dalton-zehr,109,1,1,1,1,
wisconsin-challenge-series,2018,19,Michael Sauter,michael-sauter,91,1,0,0,1,
wisconsin-challenge-series,2018,20,John Beale,john-beale,91,1,0,0,1,
wisconsin-challenge-series,2018,21,Steve Lichtfeld,steve-lichtfeld,80,1,0,0,0,
wisconsin-challenge-series,2018,22,Curt Tillman,curt-tillman,78,1,0,0,0,
wisconsin-challenge-series,2018,23,Corey Jankowski,corey-jankowski,78,1,0,0,0,
wisconsin-challenge-series,2018,24,Abe Bires,abe-bires,78,1,0,0,0,
wisconsin-challenge-series,2018,25,Skylar Holzhausen,skylar-holzhausen,75,1,0,0,0,
wisconsin-challenge-series,2018,26,Trevor Vandermolen,trevor-vandermolen,74,1,0,0,0,
wisconsin-challenge-series,2018,27,Darren Jackson,darren-jackson,72,1,0,0,0,
wisconsin-challenge-series,2018,28,Jake Zellmer,jake-zellmer,71,1,0,0,0,
wisconsin-challenge-series,2018,29,Tyler Radavich,tyler-radavich,70,1,0,0,0,
wisconsin-challenge-series,2018,30,Shawn Grace,shawn-grace,68,1,0,0,0,
wisconsin-challenge-series,2018,31,Thayran Rezin,thayran-rezin,66,1,0,0,0,
wisconsin-challenge-series,2018,32,Rene Scheinoha,rene-scheinoha,64,1,0,0,0,
wisconsin-challenge-series,2018,33,Wyatt Blashe,wyatt-blashe,60,1,0,0,0,
wisconsin-challenge-series,2018,34,Derek Kraus,derek-kraus,1,0,0,0,0,
wisconsin-challenge-series,2019,1,John Beale,john-beale,322,3,2,3,3,
wisconsin-challenge-series,2019,2,Gabe Sommers,gabe-sommers,309,3,0,3,3,
wisconsin-challenge-series,2019,3,M.G. Gajewski,m-g-gajewski,296,3,0,2,3,
wisconsin-challenge-series,2019,4,Justin Mondeik,justin-mondeik,291,3,0,2,3,
wisconsin-challenge-series,2019,5,Jordan Thiel,jordan-thiel,270,3,1,1,2,
wisconsin-challenge-series,2019,6,Travis Sauter,travis-sauter,266,3,0,1,2,
wisconsin-challenge-series,2019,7,Luke Fenhaus,luke-fenhaus,192,2,0,1,2,
wisconsin-challenge-series,2019,8,Jeremy Lepak,jeremy-lepak,182,2,0,0,2,
wisconsin-challenge-series,2019,9,Neil Knoblock,neil-knoblock,168,2,0,0,1,
wisconsin-challenge-series,2019,10,Darren Jackson,darren-jackson,164,2,0,0,1,
wisconsin-challenge-series,2019,11,Brian Hakala,brian-hakala,164,2,0,0,1,
wisconsin-challenge-series,2019,12,Tyler Radavich,tyler-radavich,163,2,0,0,1,
wisconsin-challenge-series,2019,13,Andrew Morrissey,andrew-morrissey,159,2,0,0,0,
wisconsin-challenge-series,2019,14,Travis Volm,travis-volm,99,1,0,1,1,
wisconsin-challenge-series,2019,15,Colin Reffner,colin-reffner,96,1,0,0,1,
wisconsin-challenge-series,2019,16,Jay VanDerGeest,jay-vandergeest,93,1,0,0,1,
wisconsin-challenge-series,2019,17,Michael Sauter,michael-sauter,92,1,0,1,1,
wisconsin-challenge-series,2019,18,Mike Olson (WI),mike-olson-wi,91,1,0,0,1,
wisconsin-challenge-series,2019,19,Parker Retzlaff,parker-retzlaff,86,1,0,0,1,
wisconsin-challenge-series,2019,20,Mark Eswein,mark-eswein,86,1,0,0,0,
wisconsin-challenge-series,2019,21,Abe Bires,abe-bires,76,1,0,0,0,
wisconsin-challenge-series,2019,22,Nathan Steif,nathan-steif,76,1,0,0,0,
wisconsin-challenge-series,2019,23,Wyatt Brooks,wyatt-brooks,74,1,0,0,0,
wisconsin-challenge-series,2019,24,Jason Wells,jason-wells,74,1,0,0,0,
wisconsin-challenge-series,2019,25,Curt Tillman,curt-tillman,72,1,0,0,0,
