series_id,season_year,season_id,race_number,source_race_name,series_event_id,race_date,track_name_source,track_name_museum,track_slug,winner_name_source,winner_name_museum,winner_driver_id,winner_driver_slug,source_url,notes
0,,,1,1981 Saturday Night Twin 50s Race No. 1,,1-Aug-81,Wisconsin International Raceway,Wisconsin International Raceway,wisconsin-international-raceway,Junior Hanley,Junior Hanley,,junior-hanley,,
0,,,2,1981 Saturday Night Twin 50s Race No. 2,,1-Aug-81,Wisconsin International Raceway,Wisconsin International Raceway,wisconsin-international-raceway,Jim Sauter,Jim Sauter,,jim-sauter,,
0,,,3,1989 Miller High Life/TV-5 Dixieland 250,,1-Aug-89,Wisconsin International Raceway,Wisconsin International Raceway,wisconsin-international-raceway,Rich Bickle,Rich Bickle,,rich-bickle,,
0,,,4,1993 Badger World Classic 50,,1-Aug-93,Milwaukee Mile,Milwaukee Mile,milwaukee-mile,Joe Shear,Joe Shear,,joe-shear,,
0,,,5,1995 Dixieland 250,,1-Aug-95,Wisconsin International Raceway,Wisconsin International Raceway,wisconsin-international-raceway,Bryan Reffner,Bryan Reffner,,bryan-reffner,,
0,,,6,1989 ARTGO Holiday Special Race No. 1,,1-Jul-89,Dells Raceway Park,Dells Raceway Park,dells-raceway-park,Steve Holzhausen,Steve Holzhausen,,steve-holzhausen,,
0,,,7,1989 ARTGO Holiday Special Race No. 2,,1-Jul-89,Dells Raceway Park,Dells Raceway Park,dells-raceway-park,Butch Miller,Butch Miller,,butch-miller,,
0,,,8,1991 Michigan Challenge,,1-Jun-91,Berlin Raceway,Berlin Raceway,berlin-raceway,Joe Shear,Joe Shear,,joe-shear,,
0,,,9,1997 Spring Classic,,1-Jun-97,Rockford Speedway,Rockford Speedway,rockford-speedway,Eddie Hoffman,Eddie Hoffman,,eddie-hoffman,,
0,,,10,1995 KC Colors World Cup 300,,1-Oct-95,I-70 Motorsports Park,I-70 Motorsports Park,i-70-motorsports-park,Steve Carlson,Steve Carlson,,steve-carlson,,
0,,,11,1978 Pepsi Monza Championship Race No. 1,,1-Sep-78,Madison International Speedway,Madison International Speedway,madison-international-speedway,Tom Reffner,Tom Reffner,,tom-reffner,,
0,,,12,1978 Pepsi Monza Championship Race No. 2,,1-Sep-78,Madison International Speedway,Madison International Speedway,madison-international-speedway,Tom Reffner,Tom Reffner,,tom-reffner,,
0,,,13,1978 Pepsi Monza Championship Race No. 3,,1-Sep-78,Madison International Speedway,Madison International Speedway,madison-international-speedway,Randy Sweet,Randy Sweet,,randy-sweet,,
0,,,14,1984 Summer Nationals Race No. 1,,1-Sep-84,Minnesota State Fair Speedway,Minnesota State Fair Speedway,minnesota-state-fair-speedway,Butch Miller,Butch Miller,,butch-miller,,
0,,,15,1984 Summer Nationals Race No. 2,,1-Sep-84,Minnesota State Fair Speedway,Minnesota State Fair Speedway,minnesota-state-fair-speedway,Jim Sauter,Jim Sauter,,jim-sauter,,
0,,,16,1990 ARTGO Summer Nationals,,1-Sep-90,Dells Raceway Park,Dells Raceway Park,dells-raceway-park,Rich Bickle,Rich Bickle,,rich-bickle,,
0,,,17,1995 ARTGO Western Swing USA Challenge 100,,1-Sep-95,Bolivar Speedway,Bolivar Speedway,bolivar-speedway,Jim Weber (MN),Jim Weber (MN),,jim-weber-mn,,
0,,,18,1983 ARTGO Spring Classic,,10-Apr-83,Rockford Speedway,Rockford Speedway,rockford-speedway,Dick Trickle,Dick Trickle,,dick-trickle,,
0,,,19,1988 ARTGO Spring Classic,,10-Apr-88,Rockford Speedway,Rockford Speedway,rockford-speedway,Joe Shear,Joe Shear,,joe-shear,,
0,,,20,1994 Spring Classic,,10-Apr-94,Rockford Speedway,Rockford Speedway,rockford-speedway,Tony Strupp,Tony Strupp,,tony-strupp,,
0,,,21,1997 Golden Sands Stars and Cars 100,,10-Aug-97,Golden Sands Speedway,Golden Sands Speedway,golden-sands-speedway,Eddie Hoffman,Eddie Hoffman,,eddie-hoffman,,
0,,,22,1979 All-Star 100,,10-Jul-79,Rockford Speedway,Rockford Speedway,rockford-speedway,"Mark Martin (Batesville, AR)","Mark Martin (Batesville, AR)",,mark-martin-batesville-ar,,
0,,,23,1993 Ozark Challenge 100,,10-Jul-93,Lebanon I-44 Speedway,Lebanon I-44 Speedway,lebanon-i-44-speedway,Larry Phillips,Larry Phillips,,larry-phillips,,
0,,,24,1986 ARTGO Indiana Challenge Race No. 1,,10-May-86,Baer Field Motorsports Park,Baer Field Motorsports Park,baer-field-motorsports-park,Butch Miller,Butch Miller,,butch-miller,,
0,,,25,1986 ARTGO Indiana Challenge Race No. 2,,10-May-86,Baer Field Motorsports Park,Baer Field Motorsports Park,baer-field-motorsports-park,Dick Trickle,Dick Trickle,,dick-trickle,,
0,,,26,1992 Badgerland 50,,10-May-92,Milwaukee Mile,Milwaukee Mile,milwaukee-mile,Tom Carlson,Tom Carlson,,tom-carlson,,
0,,,27,1997 Cabin Fever 100,,10-May-97,Dells Raceway Park,Dells Raceway Park,dells-raceway-park,Steve Carlson,Steve Carlson,,steve-carlson,,
0,,,28,1981 Patch Press Summer Nationals Race No. 1,,10-Oct-81,Madison International Speedway,Madison International Speedway,madison-international-speedway,Dick Trickle,Dick Trickle,,dick-trickle,,
0,,,29,1982 ARTGO Spring Classic,,11-Apr-82,Rockford Speedway,Rockford Speedway,rockford-speedway,"Al Schill, Sr.","Al Schill, Sr.",,al-schill-sr,,
0,,,30,1990 Coors 100 (August),,11-Aug-90,Auto City Speedway,Auto City Speedway,auto-city-speedway,Butch Miller,Butch Miller,,butch-miller,,
0,,,31,1978 Tuesday Night Special,,11-Jul-78,Rockford Speedway,Rockford Speedway,rockford-speedway,Dick Trickle,Dick Trickle,,dick-trickle,,
0,,,32,1988 Chicagoland Showdown,,11-Jun-88,Illiana Motor Speedway,Illiana Motor Speedway,illiana-motor-speedway,Rich Bickle,Rich Bickle,,rich-bickle,,
0,,,33,1980 Midwest Championship Race No. 1,,11-May-80,Dells Raceway Park,Dells Raceway Park,dells-raceway-park,Dick Trickle,Dick Trickle,,dick-trickle,,
0,,,34,1980 Midwest Championship Race No. 2,,11-May-80,Dells Raceway Park,Dells Raceway Park,dells-raceway-park,Dick Trickle,Dick Trickle,,dick-trickle,,
0,,,35,1981 Patch Press Summer Nationals Race No. 2,,11-Oct-81,Madison International Speedway,Madison International Speedway,madison-international-speedway,Tom Jones,Tom Jones,,tom-jones,,
0,,,36,1994 Minnesota Governor's Cup,,11-Sep-94,"I-94 Speedway (Sauk Centre, MN)","I-94 Speedway (Sauk Centre, MN)",i-94-speedway-sauk-centre-mn,Steve Carlson,Steve Carlson,,steve-carlson,,
0,,,37,1981 ARTGO Spring Classic,,12-Apr-81,Rockford Speedway,Rockford Speedway,rockford-speedway,Joe Shear,Joe Shear,,joe-shear,,
0,,,38,1983 All-Star 100,,12-Jul-83,Rockford Speedway,Rockford Speedway,rockford-speedway,Dick Trickle,Dick Trickle,,dick-trickle,,
0,,,39,1991 Coors Light 100,,12-Jul-91,Lakeside Speedway,Lakeside Speedway,lakeside-speedway,Steve Carlson,Steve Carlson,,steve-carlson,,
0,,,40,1995 LaCrosse Fairtime 100,,12-Jul-95,LaCrosse Fairgrounds Speedway,LaCrosse Fairgrounds Speedway,lacrosse-fairgrounds-speedway,Matt Kenseth,Matt Kenseth,,matt-kenseth,,
0,,,41,1986 Auto City 100,,12-Jun-86,Auto City Speedway,Auto City Speedway,auto-city-speedway,Butch Miller,Butch Miller,,butch-miller,,
0,,,42,1987 London Free Press Canadian Challenge 100,,12-Jun-87,Delaware Speedway,Delaware Speedway,delaware-speedway,Dick Trickle,Dick Trickle,,dick-trickle,,
0,,,43,1984 ARTGO Indiana Challenge Race No. 1,,12-May-84,Baer Field Motorsports Park,Baer Field Motorsports Park,baer-field-motorsports-park,Bob Senneker,Bob Senneker,,bob-senneker,,
0,,,44,1984 ARTGO Indiana Challenge Race No. 2,,12-May-84,Baer Field Motorsports Park,Baer Field Motorsports Park,baer-field-motorsports-park,Tom Reffner,Tom Reffner,,tom-reffner,,
0,,,45,1985 ARTGO Spring Classic,,12-May-85,Rockford Speedway,Rockford Speedway,rockford-speedway,"Al Schill, Sr.","Al Schill, Sr.",,al-schill-sr,,
0,,,46,1980 ARTGO Spring Classic,,13-Apr-80,Rockford Speedway,Rockford Speedway,rockford-speedway,Larry Detjens,Larry Detjens,,larry-detjens,,
0,,,47,1982 All-Star 100,,13-Jul-82,Rockford Speedway,Rockford Speedway,rockford-speedway,Dave Watson,Dave Watson,,dave-watson,,
0,,,48,1991 Ozark Challenge 100,,13-Jul-91,Lebanon I-44 Speedway,Lebanon I-44 Speedway,lebanon-i-44-speedway,Dick Harrington,Dick Harrington,,dick-harrington,,
0,,,49,1986 London Free Press 100,,13-Jun-86,Delaware Speedway,Delaware Speedway,delaware-speedway,Dick Trickle,Dick Trickle,,dick-trickle,,
0,,,50,1992 Chicagoland Showdown,,13-Jun-92,Illiana Motor Speedway,Illiana Motor Speedway,illiana-motor-speedway,Joe Shear,Joe Shear,,joe-shear,,
0,,,51,1986 ARTGO Invitational,,13-Sep-86,Dells Raceway Park,Dells Raceway Park,dells-raceway-park,Butch Miller,Butch Miller,,butch-miller,,
0,,,52,1981 All-Star 100,,14-Jul-81,Rockford Speedway,Rockford Speedway,rockford-speedway,Joe Shear,Joe Shear,,joe-shear,,
0,,,53,1987 Auto City 100,,14-Jun-87,Auto City Speedway,Auto City Speedway,auto-city-speedway,Dick Trickle,Dick Trickle,,dick-trickle,,
0,,,54,1996 Western Auto 100,,14-Jun-96,Lakeside Speedway,Lakeside Speedway,lakeside-speedway,Joe Shear,Joe Shear,,joe-shear,,
0,,,55,1997 Miller Hawkeye 100,,14-Jun-97,Hawkeye Downs Speedway,Hawkeye Downs Speedway,hawkeye-downs-speedway,Steve Carlson,Steve Carlson,,steve-carlson,,
0,,,56,1981 Coca-Cola 100 Race No. 1,,15-Aug-81,Berlin Raceway,Berlin Raceway,berlin-raceway,Bruce VanderLaan,Bruce VanderLaan,,bruce-vanderlaan,,
0,,,57,1981 Coca-Cola 100 Race No. 2,,15-Aug-81,Berlin Raceway,Berlin Raceway,berlin-raceway,Junior Hanley,Junior Hanley,,junior-hanley,,
0,,,58,1989 All-Star 100,,15-Aug-89,Rockford Speedway,Rockford Speedway,rockford-speedway,Rich Bickle,Rich Bickle,,rich-bickle,,
0,,,59,1980 All-Star 100,,15-Jul-80,Rockford Speedway,Rockford Speedway,rockford-speedway,Dick Trickle,Dick Trickle,,dick-trickle,,
0,,,60,1986 ARTGO All-Star 100,,15-Jul-86,Rockford Speedway,Rockford Speedway,rockford-speedway,Dick Trickle,Dick Trickle,,dick-trickle,,
0,,,61,1989 Michigan Challenge Race No. 1,,15-Jul-89,Berlin Raceway,Berlin Raceway,berlin-raceway,Butch Miller,Butch Miller,,butch-miller,,
0,,,62,1989 Michigan Challenge Race No. 2,,15-Jul-89,Berlin Raceway,Berlin Raceway,berlin-raceway,Butch Miller,Butch Miller,,butch-miller,,
0,,,63,1991 Chicagoland Showdown,,15-Jun-91,Illiana Motor Speedway,Illiana Motor Speedway,illiana-motor-speedway,Joe Shear,Joe Shear,,joe-shear,,
0,,,64,1996 Ozark Challenge 100,,15-Jun-96,Lebanon I-44 Speedway,Lebanon I-44 Speedway,lebanon-i-44-speedway,J.R. Roahrig,J.R. Roahrig,,jr-roahrig,,
0,,,65,1983 Escape to Wisconsin 100,,16-Jul-83,Dells Raceway Park,Dells Raceway Park,dells-raceway-park,Dick Trickle,Dick Trickle,,dick-trickle,,
0,,,66,1985 All-Star 100,,16-Jul-85,Rockford Speedway,Rockford Speedway,rockford-speedway,Joe Shear,Joe Shear,,joe-shear,,
0,,,67,1991 Mile High Challenge 150,,16-Jul-91,Colorado National Speedway,Colorado National Speedway,colorado-national-speedway,Rick Carelli,Rick Carelli,,rick-carelli,,
0,,,68,1981 ARTGO Tuesday Special Race No. 1,,16-Jun-81,Raceway Park (IL),Raceway Park (IL),raceway-park-il,Jim Sauter,Jim Sauter,,jim-sauter,,
0,,,69,1981 ARTGO Tuesday Special Race No. 2,,16-Jun-81,Raceway Park (IL),Raceway Park (IL),raceway-park-il,"Mark Martin (Batesville, AR)","Mark Martin (Batesville, AR)",,mark-martin-batesville-ar,,
0,,,70,1990 Parts Plus Chicagoland Showdown,,16-Jun-90,Illiana Motor Speedway,Illiana Motor Speedway,illiana-motor-speedway,Joe Shear,Joe Shear,,joe-shear,,
0,,,71,1995 ARTGO Western Swing Country Mart 100,,16-Jun-95,Lakeside Speedway,Lakeside Speedway,lakeside-speedway,Steve Carlson,Steve Carlson,,steve-carlson,,
0,,,72,1984 Midwest Championships Race No. 1,,16-Sep-84,Dells Raceway Park,Dells Raceway Park,dells-raceway-park,"Mark Martin (Batesville, AR)","Mark Martin (Batesville, AR)",,mark-martin-batesville-ar,,
0,,,73,1984 Midwest Championships Race No. 2,,16-Sep-84,Dells Raceway Park,Dells Raceway Park,dells-raceway-park,"Mark Martin (Batesville, AR)","Mark Martin (Batesville, AR)",,mark-martin-batesville-ar,,
0,,,74,1984 All-Star 100,,17-Jul-84,Rockford Speedway,Rockford Speedway,rockford-speedway,Bobby Allison (AL),Bobby Allison (AL),,bobby-allison-al,,
0,,,75,1980 Lake Geneva 100,,17-Jun-80,Lake Geneva Raceway,Lake Geneva Raceway,lake-geneva-raceway,Dick Trickle,Dick Trickle,,dick-trickle,,
0,,,76,1989 Chicagoland Showdown,,17-Jun-89,Illiana Motor Speedway,Illiana Motor Speedway,illiana-motor-speedway,Butch Miller,Butch Miller,,butch-miller,,
0,,,77,1994 ARTGO Western Swing Race No. 1,,17-Jun-94,Lakeside Speedway,Lakeside Speedway,lakeside-speedway,Steve Carlson,Steve Carlson,,steve-carlson,,
0,,,78,1995 ARTGO Western Swing Ozark Challenge 100,,17-Jun-95,Lebanon I-44 Speedway,Lebanon I-44 Speedway,lebanon-i-44-speedway,Steve Carlson,Steve Carlson,,steve-carlson,,
0,,,79,1983 Midwest Championships Race No. 1,,17-Sep-83,Dells Raceway Park,Dells Raceway Park,dells-raceway-park,Jim Back,Jim Back,,jim-back,,
0,,,80,1994 ARTGO Tournament of Speed,,17-Sep-94,Wisconsin International Raceway,Wisconsin International Raceway,wisconsin-international-raceway,Matt Kenseth,Matt Kenseth,,matt-kenseth,,
0,,,81,1987 Escape to Wisconsin 100,,18-Jul-87,Dells Raceway Park,Dells Raceway Park,dells-raceway-park,Joe Shear,Joe Shear,,joe-shear,,
0,,,82,ARTGO:1977-03,,18-Jun-77,Madison International Speedway,Madison International Speedway,madison-international-speedway,Dick Trickle,Dick Trickle,,dick-trickle,,
0,,,83,ARTGO:1977-04,,18-Jun-77,Madison International Speedway,Madison International Speedway,madison-international-speedway,Larry Schuler,Larry Schuler,,larry-schuler,,
0,,,84,ARTGO:1977-05,,18-Jun-77,Madison International Speedway,Madison International Speedway,madison-international-speedway,Dick Trickle,Dick Trickle,,dick-trickle,,
0,,,85,1994 ARTGO Western Swing Race No. 2,,18-Jun-94,Lebanon I-44 Speedway,Lebanon I-44 Speedway,lebanon-i-44-speedway,Dave Weltmeyer,Dave Weltmeyer,,dave-weltmeyer,,
0,,,86,1985 Wisconsin's First Big Special,,18-May-85,Madison International Speedway,Madison International Speedway,madison-international-speedway,Dick Trickle,Dick Trickle,,dick-trickle,,
0,,,87,1983 Midwest Championships Race No. 2,,18-Sep-83,Dells Raceway Park,Dells Raceway Park,dells-raceway-park,Tom Reffner,Tom Reffner,,tom-reffner,,
0,,,88,1983 Midwest Championships Race No. 3,,18-Sep-83,Dells Raceway Park,Dells Raceway Park,dells-raceway-park,Jim Back,Jim Back,,jim-back,,
0,,,89,1993 Miller Tournament of Speed,,18-Sep-93,Wisconsin International Raceway,Wisconsin International Raceway,wisconsin-international-raceway,Jim Weber (MN),Jim Weber (MN),,jim-weber-mn,,
0,,,90,1989 ARTGO Spring Classic,,19-Apr-89,Rockford Speedway,Rockford Speedway,rockford-speedway,Joe Shear,Joe Shear,,joe-shear,,
0,,,91,1996 ARTGO Golden Sands 100,,19-Aug-96,Golden Sands Speedway,Golden Sands Speedway,golden-sands-speedway,Neil Knoblock,Neil Knoblock,,neil-knoblock,,
0,,,92,1980 NGK Spark Plug Summer Nationals Race No. 1,,19-Jul-80,Dells Raceway Park,Dells Raceway Park,dells-raceway-park,Dick Trickle,Dick Trickle,,dick-trickle,,
0,,,93,1980 NGK Spark Plug Summer Nationals Race No. 2,,19-Jul-80,Dells Raceway Park,Dells Raceway Park,dells-raceway-park,Dick Trickle,Dick Trickle,,dick-trickle,,
0,,,94,1988 All-Star 100,,19-Jul-88,Rockford Speedway,Rockford Speedway,rockford-speedway,Butch Miller,Butch Miller,,butch-miller,,
0,,,95,1992 ARTGO 50,,19-Jul-92,Milwaukee Mile,Milwaukee Mile,milwaukee-mile,Jeff Neal,Jeff Neal,,jeff-neal,,
0,,,96,1997 ARTGO Summer Nationals,,19-Jul-97,Dells Raceway Park,Dells Raceway Park,dells-raceway-park,Jim Weber (MN),Jim Weber (MN),,jim-weber-mn,,
0,,,97,ARTGO:1977-06,,19-Jun-77,Grundy County Speedway,Grundy County Speedway,grundy-county-speedway,Larry Schuler,Larry Schuler,,larry-schuler,,
0,,,98,ARTGO:1977-07,,19-Jun-77,Grundy County Speedway,Grundy County Speedway,grundy-county-speedway,Dick Trickle,Dick Trickle,,dick-trickle,,
0,,,99,ARTGO:1977-08,,19-Jun-77,Grundy County Speedway,Grundy County Speedway,grundy-county-speedway,Larry Detjens,Larry Detjens,,larry-detjens,,
0,,,100,1984 Tuesdays are Terrific 100,,19-Jun-84,Madison International Speedway,Madison International Speedway,madison-international-speedway,"Mark Martin (Batesville, AR)","Mark Martin (Batesville, AR)",,mark-martin-batesville-ar,,
0,,,101,1991 Miller Genuine Draft Light 100,,19-Jun-91,LaCrosse Fairgrounds Speedway,LaCrosse Fairgrounds Speedway,lacrosse-fairgrounds-speedway,Matt Kenseth,Matt Kenseth,,matt-kenseth,,
0,,,102,1996 Chicagoland Showdown,,19-May-96,Grundy County Speedway,Grundy County Speedway,grundy-county-speedway,Steve Carlson,Steve Carlson,,steve-carlson,,
0,,,103,1982 Midwest Championship Race No. 1,,19-Sep-82,Dells Raceway Park,Dells Raceway Park,dells-raceway-park,Jim Sauter,Jim Sauter,,jim-sauter,,
0,,,104,1982 Midwest Championship Race No. 2,,19-Sep-82,Dells Raceway Park,Dells Raceway Park,dells-raceway-park,Dick Trickle,Dick Trickle,,dick-trickle,,
0,,,105,1982 Midwest Championship Race No. 3,,19-Sep-82,Dells Raceway Park,Dells Raceway Park,dells-raceway-park,Jim Sauter,Jim Sauter,,jim-sauter,,
0,,,106,1983 ARTGO Dixieland Challenge,,2-Aug-83,Wisconsin International Raceway,Wisconsin International Raceway,wisconsin-international-raceway,Dick Trickle,Dick Trickle,,dick-trickle,,
0,,,107,1991 Say No To Drugs 100,,2-Aug-91,Kalamazoo Speedway,Kalamazoo Speedway,kalamazoo-speedway,Tom Martin,Tom Martin,,tom-martin,,
0,,,108,1992 ARTGO All-Star 100,,2-Aug-92,Rockford Speedway,Rockford Speedway,rockford-speedway,Joe Shear,Joe Shear,,joe-shear,,
0,,,109,1994 Dixieland 250,,2-Aug-94,Wisconsin International Raceway,Wisconsin International Raceway,wisconsin-international-raceway,Joe Shear,Joe Shear,,joe-shear,,
0,,,110,1977 Superamerica 150 Monza Classic Race No. 1,,2-Jul-77,Madison International Speedway,Madison International Speedway,madison-international-speedway,Bob Senneker,Bob Senneker,,bob-senneker,,
0,,,111,1977 Superamerica 150 Monza Classic Race No. 2,,2-Jul-77,Madison International Speedway,Madison International Speedway,madison-international-speedway,Bob Senneker,Bob Senneker,,bob-senneker,,
0,,,112,1977 Superamerica 150 Monza Classic Race No. 3,,2-Jul-77,Madison International Speedway,Madison International Speedway,madison-international-speedway,Dick Trickle,Dick Trickle,,dick-trickle,,
0,,,113,1988 ARTGO Holiday Twin 76s Race No. 1,,2-Jul-88,Dells Raceway Park,Dells Raceway Park,dells-raceway-park,Dick Trickle,Dick Trickle,,dick-trickle,,
0,,,114,1988 ARTGO Holiday Twin 76s Race No. 2,,2-Jul-88,Dells Raceway Park,Dells Raceway Park,dells-raceway-park,Steve Holzhausen,Steve Holzhausen,,steve-holzhausen,,
0,,,115,1994 ARTGO Summer Nationals,,2-Jul-94,Dells Raceway Park,Dells Raceway Park,dells-raceway-park,Joe Shear,Joe Shear,,joe-shear,,
0,,,116,1979 Lake Geneva 100,,2-Jun-79,Lake Geneva Raceway,Lake Geneva Raceway,lake-geneva-raceway,Mike Miller,Mike Miller,,mike-miller,,
0,,,117,1989 ARTGO Summer Nationals,,2-Sep-89,Dells Raceway Park,Dells Raceway Park,dells-raceway-park,Joe Shear,Joe Shear,,joe-shear,,
0,,,118,1995 ARTGO Western Swing Johnson Auto Center Summer Showdown,,2-Sep-95,Lebanon I-44 Speedway,Lebanon I-44 Speedway,lebanon-i-44-speedway,Joe Shear,Joe Shear,,joe-shear,,
0,,,119,1986 Opening Day 100,,20-Apr-86,Grundy County Speedway,Grundy County Speedway,grundy-county-speedway,Joe Shear,Joe Shear,,joe-shear,,
0,,,120,1980 NGK Spark Plug Summer Nationals Race No. 3,,20-Jul-80,LaCrosse Fairgrounds Speedway,LaCrosse Fairgrounds Speedway,lacrosse-fairgrounds-speedway,Darrell Waltrip,Darrell Waltrip,,darrell-waltrip,,
0,,,121,1996 Escape to Wisconsin 100,,20-Jul-96,Dells Raceway Park,Dells Raceway Park,dells-raceway-park,Jim Weber (MN),Jim Weber (MN),,jim-weber-mn,,
0,,,122,1985 Macomb Daily 100,,20-Jun-85,Mount Clemens Speedway,Mount Clemens Speedway,mount-clemens-speedway,Butch Miller,Butch Miller,,butch-miller,,
0,,,123,1989 Cabin Fever 100,,20-May-89,Dells Raceway Park,Dells Raceway Park,dells-raceway-park,Steve Carlson,Steve Carlson,,steve-carlson,,
0,,,124,1985 Opening Day 100,,21-Apr-85,Grundy County Speedway,Grundy County Speedway,grundy-county-speedway,"Al Schill, Sr.","Al Schill, Sr.",,al-schill-sr,,
0,,,125,1996 Cabin Fever 100,,21-Apr-96,Kalamazoo Speedway,Kalamazoo Speedway,kalamazoo-speedway,Bobby Blount,Bobby Blount,,bobby-blount,,
0,,,126,1984 Escape to Wisconsin 100,,21-Jul-84,Dells Raceway Park,Dells Raceway Park,dells-raceway-park,Steve Holzhausen,Steve Holzhausen,,steve-holzhausen,,
0,,,127,1994 Chicagoland Showdown,,21-Jul-94,Illiana Motor Speedway,Illiana Motor Speedway,illiana-motor-speedway,Steve Carlson,Steve Carlson,,steve-carlson,,
0,,,128,1980 Coca-Cola 100 Race No. 1,,21-Jun-80,Berlin Raceway,Berlin Raceway,berlin-raceway,Junior Hanley,Junior Hanley,,junior-hanley,,
0,,,129,1980 Coca-Cola 100 Race No. 2,,21-Jun-80,Berlin Raceway,Berlin Raceway,berlin-raceway,Bob Senneker,Bob Senneker,,bob-senneker,,
0,,,130,1983 Minnesota State Championships Race No. 1,,21-Jun-83,Raceway Park (MN),Raceway Park (MN),raceway-park-mn,"Mark Martin (Batesville, AR)","Mark Martin (Batesville, AR)",,mark-martin-batesville-ar,,
0,,,131,1983 Minnesota State Championships Race No. 2,,21-Jun-83,Raceway Park (MN),Raceway Park (MN),raceway-park-mn,Dick Trickle,Dick Trickle,,dick-trickle,,
0,,,132,1984 Macomb Daily 100,,21-Jun-84,Mount Clemens Speedway,Mount Clemens Speedway,mount-clemens-speedway,Dick Trickle,Dick Trickle,,dick-trickle,,
0,,,133,1995 Chicagoland Showdown,,21-May-95,Grundy County Speedway,Grundy County Speedway,grundy-county-speedway,Joe Shear,Joe Shear,,joe-shear,,
0,,,134,1994 Kalamazoo Challenge,,22-Jul-94,Berlin Raceway,Berlin Raceway,berlin-raceway,Butch Miller,Butch Miller,,butch-miller,,
0,,,135,1995 Cabin Fever 100,,22-Jul-95,Dells Raceway Park,Dells Raceway Park,dells-raceway-park,Tony Raines,Tony Raines,,tony-raines,,
0,,,136,1988 Special Export Light/WKBT-TV 8 100,,22-Jun-88,LaCrosse Fairgrounds Speedway,LaCrosse Fairgrounds Speedway,lacrosse-fairgrounds-speedway,Butch Miller,Butch Miller,,butch-miller,,
0,,,137,1988 Chicagoland Opening Day 100,,23-Apr-88,Grundy County Speedway,Grundy County Speedway,grundy-county-speedway,Butch Miller,Butch Miller,,butch-miller,,
0,,,138,1989 Chicagoland Opener,,23-Apr-89,Grundy County Speedway,Grundy County Speedway,grundy-county-speedway,Joe Shear,Joe Shear,,joe-shear,,
0,,,139,1983 ARTGO Indiana Challenge,,23-Aug-83,Baer Field Motorsports Park,Baer Field Motorsports Park,baer-field-motorsports-park,"Mark Martin (Batesville, AR)","Mark Martin (Batesville, AR)",,mark-martin-batesville-ar,,
0,,,140,1983 Upper Peninsula 100 Race No. 1,,23-Jul-83,Escanaba International Raceway,Escanaba International Raceway,escanaba-international-raceway,Steve Burgess,Steve Burgess,,steve-burgess,,
0,,,141,1983 Upper Peninsula 100 Race No. 2,,23-Jul-83,Escanaba International Raceway,Escanaba International Raceway,escanaba-international-raceway,Mel Walen,Mel Walen,,mel-walen,,
0,,,142,1985 ARTGO Summer Nationals Race No. 1,,23-Jul-85,Madison International Speedway,Madison International Speedway,madison-international-speedway,Butch Miller,Butch Miller,,butch-miller,,
0,,,143,1985 ARTGO Summer Nationals Race No. 2,,23-Jul-85,Madison International Speedway,Madison International Speedway,madison-international-speedway,Alan Kulwicki,Alan Kulwicki,,alan-kulwicki,,
0,,,144,1992 Pabst Light 100,,23-Jul-92,Hawkeye Downs Speedway,Hawkeye Downs Speedway,hawkeye-downs-speedway,Joe Shear,Joe Shear,,joe-shear,,
0,,,145,1993 Harding's Friendly Markets Say No To Drugs 100,,23-Jul-93,Kalamazoo Speedway,Kalamazoo Speedway,kalamazoo-speedway,Jim Weber (MN),Jim Weber (MN),,jim-weber-mn,,
0,,,146,1987 Minnesota 100,,23-Jun-87,Raceway Park (MN),Raceway Park (MN),raceway-park-mn,Butch Miller,Butch Miller,,butch-miller,,
0,,,147,1992 Lake Geneva Doubleheader,,23-Jun-92,Lake Geneva Raceway,Lake Geneva Raceway,lake-geneva-raceway,Rick Beebe,Rick Beebe,,rick-beebe,,
0,,,148,1996 ARTGO Summer Nationals,,23-Jun-96,Marshfield Motor Speedway,Marshfield Motor Speedway,marshfield-motor-speedway,Joe Shear,Joe Shear,,joe-shear,,
0,,,149,1981 Chicagoland Showdown Race No. 1,,23-May-81,Illiana Motor Speedway,Illiana Motor Speedway,illiana-motor-speedway,Larry Detjens,Larry Detjens,,larry-detjens,,
0,,,150,1981 Chicagoland Showdown Race No. 2,,23-May-81,Illiana Motor Speedway,Illiana Motor Speedway,illiana-motor-speedway,Dick Trickle,Dick Trickle,,dick-trickle,,
0,,,151,1982 Dr. Pepper 100 Race No. 1,,23-May-82,LaCrosse Fairgrounds Speedway,LaCrosse Fairgrounds Speedway,lacrosse-fairgrounds-speedway,Steve Burgess,Steve Burgess,,steve-burgess,,
0,,,152,1982 Dr. Pepper 100 Race No. 2,,23-May-82,LaCrosse Fairgrounds Speedway,LaCrosse Fairgrounds Speedway,lacrosse-fairgrounds-speedway,Tom Reffner,Tom Reffner,,tom-reffner,,
0,,,153,1987 Cancer Fund Benefit 100,,23-May-87,Berlin Raceway,Berlin Raceway,berlin-raceway,Bruce VanderLaan,Bruce VanderLaan,,bruce-vanderlaan,,
0,,,154,1983 Chicagoland Opening Day Race No. 1,,24-Apr-83,Grundy County Speedway,Grundy County Speedway,grundy-county-speedway,"Al Schill, Sr.","Al Schill, Sr.",,al-schill-sr,,
0,,,155,1983 Chicagoland Opening Day Race No. 2,,24-Apr-83,Grundy County Speedway,Grundy County Speedway,grundy-county-speedway,Dick Trickle,Dick Trickle,,dick-trickle,,
0,,,156,1980 NGK Spark Plug 150 Race No. 1,,24-Aug-80,Madison International Speedway,Madison International Speedway,madison-international-speedway,"Mark Martin (Batesville, AR)","Mark Martin (Batesville, AR)",,mark-martin-batesville-ar,,
0,,,157,1980 NGK Spark Plug 150 Race No. 2,,24-Aug-80,Madison International Speedway,Madison International Speedway,madison-international-speedway,"Mark Martin (Batesville, AR)","Mark Martin (Batesville, AR)",,mark-martin-batesville-ar,,
0,,,158,1982 ARTGO 100,,24-Jul-82,Escanaba International Raceway,Escanaba International Raceway,escanaba-international-raceway,Tom Reffner,Tom Reffner,,tom-reffner,,
0,,,159,1984 Molenaar Classic,,24-Jul-84,Illiana Motor Speedway,Illiana Motor Speedway,illiana-motor-speedway,Dick Trickle,Dick Trickle,,dick-trickle,,
0,,,160,1990 Parts Plus All-Star 100,,24-Jul-90,Rockford Speedway,Rockford Speedway,rockford-speedway,Larry Schuler,Larry Schuler,,larry-schuler,,
0,,,161,1991 All-Star 100,,24-Jul-91,Rockford Speedway,Rockford Speedway,rockford-speedway,Kevin Cywinski,Kevin Cywinski,,kevin-cywinski,,
0,,,162,1992 Kansas City 100,,24-Jul-92,Lakeside Speedway,Lakeside Speedway,lakeside-speedway,Steve Carlson,Steve Carlson,,steve-carlson,,
0,,,163,1993 ARTGO Summer Nationals,,24-Jul-93,Illiana Motor Speedway,Illiana Motor Speedway,illiana-motor-speedway,Larry Schuler,Larry Schuler,,larry-schuler,,
0,,,164,1979 Hi/Rev 100,,24-Jun-79,Wisconsin International Raceway,Wisconsin International Raceway,wisconsin-international-raceway,Dick Trickle,Dick Trickle,,dick-trickle,,
0,,,165,1987 Export Light 100,,24-Jun-87,LaCrosse Fairgrounds Speedway,LaCrosse Fairgrounds Speedway,lacrosse-fairgrounds-speedway,Butch Miller,Butch Miller,,butch-miller,,
0,,,166,1995 ARTGO Michigan Challenge,,24-Jun-95,Berlin Raceway,Berlin Raceway,berlin-raceway,Dick Harrington,Dick Harrington,,dick-harrington,,
0,,,167,1980 Chicagoland Showdown Race No. 1,,24-May-80,Illiana Motor Speedway,Illiana Motor Speedway,illiana-motor-speedway,Ed Hoffman,Ed Hoffman,,ed-hoffman,,
0,,,168,1980 Chicagoland Showdown Race No. 2,,24-May-80,Illiana Motor Speedway,Illiana Motor Speedway,illiana-motor-speedway,Dick Trickle,Dick Trickle,,dick-trickle,,
0,,,169,1986 Michigan 100,,24-May-86,Berlin Raceway,Berlin Raceway,berlin-raceway,Butch Miller,Butch Miller,,butch-miller,,
0,,,170,1982 Spring Twin 50s Race No. 1,,25-Apr-82,Grundy County Speedway,Grundy County Speedway,grundy-county-speedway,Jim Sauter,Jim Sauter,,jim-sauter,,
0,,,171,1982 Spring Twin 50s Race No. 2,,25-Apr-82,Grundy County Speedway,Grundy County Speedway,grundy-county-speedway,Junior Hanley,Junior Hanley,,junior-hanley,,
0,,,172,1987 Opening Day 100,,25-Apr-87,Grundy County Speedway,Grundy County Speedway,grundy-county-speedway,Joe Shear,Joe Shear,,joe-shear,,
0,,,173,1992 Cabin Fever 100,,25-Apr-92,Grundy County Speedway,Grundy County Speedway,grundy-county-speedway,Jim Weber (MN),Jim Weber (MN),,jim-weber-mn,,
0,,,174,1979 ARTGO Summer Nationals Race No. 1,,25-Aug-79,Dells Raceway Park,Dells Raceway Park,dells-raceway-park,Dick Trickle,Dick Trickle,,dick-trickle,,
0,,,175,1979 ARTGO Summer Nationals Race No. 2,,25-Aug-79,Dells Raceway Park,Dells Raceway Park,dells-raceway-park,Dick Trickle,Dick Trickle,,dick-trickle,,
0,,,176,1982 WDGY ARTGO 100,,25-Jul-82,Elko Speedway,Elko Speedway,elko-speedway,Joe Shear,Joe Shear,,joe-shear,,
0,,,177,1985 Escape to Wisconsin 100,,25-Jul-85,Dells Raceway Park,Dells Raceway Park,dells-raceway-park,Dick Trickle,Dick Trickle,,dick-trickle,,
0,,,178,1992 ARTGO Ozark Challenge,,25-Jul-92,Lebanon I-44 Speedway,Lebanon I-44 Speedway,lebanon-i-44-speedway,Steve Carlson,Steve Carlson,,steve-carlson,,
0,,,179,1991 Lake Geneva 100,,25-Jun-91,Lake Geneva Raceway,Lake Geneva Raceway,lake-geneva-raceway,Tony Strupp,Tony Strupp,,tony-strupp,,
0,,,180,1993 Miller Genuine Draft 100 (ARTGO),,25-Jun-93,Elko Speedway,Elko Speedway,elko-speedway,Bobby Blount,Bobby Blount,,bobby-blount,,
0,,,181,1997 NAPA All-Star 100,,25-Jun-97,LaCrosse Fairgrounds Speedway,LaCrosse Fairgrounds Speedway,lacrosse-fairgrounds-speedway,Steve Carlson,Steve Carlson,,steve-carlson,,
0,,,182,1981 Pepsi Memorial Day 100 Race No. 1,,25-May-81,Madison International Speedway,Madison International Speedway,madison-international-speedway,Larry Detjens,Larry Detjens,,larry-detjens,,
0,,,183,1981 Pepsi Memorial Day 100 Race No. 2,,25-May-81,Madison International Speedway,Madison International Speedway,madison-international-speedway,Larry Detjens,Larry Detjens,,larry-detjens,,
0,,,184,1985 ARTGO Michigan Challenge,,25-May-85,Berlin Raceway,Berlin Raceway,berlin-raceway,Butch Miller,Butch Miller,,butch-miller,,
0,,,185,1986 Newscenter 11 Miller Spring Nationals Race No. 1,,25-May-86,Wisconsin International Raceway,Wisconsin International Raceway,wisconsin-international-raceway,Butch Miller,Butch Miller,,butch-miller,,
0,,,186,1986 Newscenter 11 Miller Spring Nationals Race No. 2,,25-May-86,Wisconsin International Raceway,Wisconsin International Raceway,wisconsin-international-raceway,Butch Miller,Butch Miller,,butch-miller,,
0,,,187,1987 ARTGO Spring Nationals Race No. 1,,25-May-87,Wisconsin International Raceway,Wisconsin International Raceway,wisconsin-international-raceway,Butch Miller,Butch Miller,,butch-miller,,
0,,,188,1987 ARTGO Spring Nationals Race No. 2,,25-May-87,Wisconsin International Raceway,Wisconsin International Raceway,wisconsin-international-raceway,Dick Trickle,Dick Trickle,,dick-trickle,,
0,,,189,1992 Spring Nationals 125,,25-May-92,Wisconsin International Raceway,Wisconsin International Raceway,wisconsin-international-raceway,Tom Carlson,Tom Carlson,,tom-carlson,,
0,,,190,1979 ARTGO Summer Nationals Race No. 3,,26-Aug-79,Madison International Speedway,Madison International Speedway,madison-international-speedway,Dick Trickle,Dick Trickle,,dick-trickle,,
0,,,191,1979 ARTGO Summer Nationals Race No. 4,,26-Aug-79,Madison International Speedway,Madison International Speedway,madison-international-speedway,Dick Trickle,Dick Trickle,,dick-trickle,,
0,,,192,1979 ARTGO Summer Nationals Race No. 5,,26-Aug-79,Madison International Speedway,Madison International Speedway,madison-international-speedway,Dick Trickle,Dick Trickle,,dick-trickle,,
0,,,193,1981 Aqua-Oly 100,,26-Jul-81,Elko Speedway,Elko Speedway,elko-speedway,Jim Sauter,Jim Sauter,,jim-sauter,,
0,,,194,1983 Molenaar Classic,,26-Jul-83,Illiana Motor Speedway,Illiana Motor Speedway,illiana-motor-speedway,Frank Gawlinski,Frank Gawlinski,,frank-gawlinski,,
0,,,195,1986 Summer Nationals Race No. 1,,26-Jul-86,Dells Raceway Park,Dells Raceway Park,dells-raceway-park,Butch Miller,Butch Miller,,butch-miller,,
0,,,196,1986 Summer Nationals Race No. 2,,26-Jul-86,Dells Raceway Park,Dells Raceway Park,dells-raceway-park,Butch Miller,Butch Miller,,butch-miller,,
0,,,197,1997 ARTGO 50,,26-Jul-97,World Wide Technology Raceway at Gateway,World Wide Technology Raceway at Gateway,world-wide-technology-raceway-at-gateway,Mike Garvey,Mike Garvey,,mike-garvey,,
0,,,198,1982 Wisconsin 400 Race No. 1,,26-Jun-82,Wisconsin International Raceway,Wisconsin International Raceway,wisconsin-international-raceway,"Mark Martin (Batesville, AR)","Mark Martin (Batesville, AR)",,mark-martin-batesville-ar,,
0,,,199,1982 Wisconsin 400 Race No. 2,,26-Jun-82,Wisconsin International Raceway,Wisconsin International Raceway,wisconsin-international-raceway,Tom Reffner,Tom Reffner,,tom-reffner,,
0,,,200,1988 Skoal Racing Classic,,26-Jun-88,Milwaukee Mile,Milwaukee Mile,milwaukee-mile,Dick Trickle,Dick Trickle,,dick-trickle,,
0,,,201,1990 Grand Opening 100,,26-Jun-90,Lake Geneva Raceway,Lake Geneva Raceway,lake-geneva-raceway,Tom Carlson,Tom Carlson,,tom-carlson,,
0,,,202,1993 Upper Peninsula 100,,26-Jun-93,Norway Speedway,Norway Speedway,norway-speedway,Matt Kenseth,Matt Kenseth,,matt-kenseth,,
0,,,203,1984 Chicagoland Showdown Race No. 1,,26-May-84,Illiana Motor Speedway,Illiana Motor Speedway,illiana-motor-speedway,Frank Gawlinski,Frank Gawlinski,,frank-gawlinski,,
0,,,204,1984 Chicagoland Showdown Race No. 2,,26-May-84,Illiana Motor Speedway,Illiana Motor Speedway,illiana-motor-speedway,Dick Trickle,Dick Trickle,,dick-trickle,,
0,,,205,1990 WMUS Cancer Society Benefit,,26-May-90,Berlin Raceway,Berlin Raceway,berlin-raceway,Fred Campbell,Fred Campbell,,fred-campbell,,
0,,,206,1996 NAPA All-Star 100,,26-May-96,LaCrosse Fairgrounds Speedway,LaCrosse Fairgrounds Speedway,lacrosse-fairgrounds-speedway,Jim Weber (MN),Jim Weber (MN),,jim-weber-mn,,
0,,,207,1997 ARTGO Spring Nationals Race No. 1,,26-May-97,Wisconsin International Raceway,Wisconsin International Raceway,wisconsin-international-raceway,Steve Carlson,Steve Carlson,,steve-carlson,,
0,,,208,1997 ARTGO Spring Nationals Race No. 2,,26-May-97,Wisconsin International Raceway,Wisconsin International Raceway,wisconsin-international-raceway,Jason Schuler,Jason Schuler,,jason-schuler,,
0,,,209,1991 Cabin Fever 100,,27-Apr-91,Grundy County Speedway,Grundy County Speedway,grundy-county-speedway,Steve Carlson,Steve Carlson,,steve-carlson,,
0,,,210,1986 Summer Nationals Race No. 3,,27-Jul-86,Wisconsin International Raceway,Wisconsin International Raceway,wisconsin-international-raceway,Butch Miller,Butch Miller,,butch-miller,,
0,,,211,1986 Summer Nationals Race No. 4,,27-Jul-86,Wisconsin International Raceway,Wisconsin International Raceway,wisconsin-international-raceway,Butch Miller,Butch Miller,,butch-miller,,
0,,,212,1982 Wisconsin 400 Race No. 3,,27-Jun-82,Wisconsin International Raceway,Wisconsin International Raceway,wisconsin-international-raceway,Jim Sauter,Jim Sauter,,jim-sauter,,
0,,,213,1979 ARTGO Spring Nationals Race No. 1,,27-May-79,Madison International Speedway,Madison International Speedway,madison-international-speedway,Tom Reffner,Tom Reffner,,tom-reffner,,
0,,,214,1979 ARTGO Spring Nationals Race No. 2,,27-May-79,Madison International Speedway,Madison International Speedway,madison-international-speedway,Bob Senneker,Bob Senneker,,bob-senneker,,
0,,,215,1985 ARTGO Spring Nationals Race No. 1,,27-May-85,Wisconsin International Raceway,Wisconsin International Raceway,wisconsin-international-raceway,Butch Miller,Butch Miller,,butch-miller,,
0,,,216,1985 ARTGO Spring Nationals Race No. 2,,27-May-85,Wisconsin International Raceway,Wisconsin International Raceway,wisconsin-international-raceway,Dick Trickle,Dick Trickle,,dick-trickle,,
0,,,217,1989 WMUS/American Cancer Society Benefit,,27-May-89,Berlin Raceway,Berlin Raceway,berlin-raceway,Fred Campbell,Fred Campbell,,fred-campbell,,
0,,,218,1991 Miller Genuine Draft Spring Nationals,,27-May-91,Wisconsin International Raceway,Wisconsin International Raceway,wisconsin-international-raceway,Butch Miller,Butch Miller,,butch-miller,,
0,,,219,1996 ARTGO Spring Nationals,,27-May-96,Wisconsin International Raceway,Wisconsin International Raceway,wisconsin-international-raceway,Joe Shear,Joe Shear,,joe-shear,,
0,,,220,1990 Chicagoland Opener,,28-Apr-90,Grundy County Speedway,Grundy County Speedway,grundy-county-speedway,Kevin Cywinski,Kevin Cywinski,,kevin-cywinski,,
0,,,221,1985 Kalamazoo Klassic 100,,28-Jul-85,Kalamazoo Speedway,Kalamazoo Speedway,kalamazoo-speedway,Butch Miller,Butch Miller,,butch-miller,,
0,,,222,1987 All-Star 100,,28-Jul-87,Rockford Speedway,Rockford Speedway,rockford-speedway,"Al Schill, Sr.","Al Schill, Sr.",,al-schill-sr,,
0,,,223,1983 ARTGO Michigan Challenge,,28-Jun-83,Corrigan Oil Speedway,Corrigan Oil Speedway,corrigan-oil-speedway,Joe Shear,Joe Shear,,joe-shear,,
0,,,224,1978 ARTGO Spring Nationals Race No. 1,,28-May-78,Madison International Speedway,Madison International Speedway,madison-international-speedway,Dick Trickle,Dick Trickle,,dick-trickle,,
0,,,225,1978 ARTGO Spring Nationals Race No. 2,,28-May-78,Madison International Speedway,Madison International Speedway,madison-international-speedway,Bob Senneker,Bob Senneker,,bob-senneker,,
0,,,226,1983 Chicagoland Showdown Race No. 1,,28-May-83,Illiana Motor Speedway,Illiana Motor Speedway,illiana-motor-speedway,Dick Trickle,Dick Trickle,,dick-trickle,,
0,,,227,1983 Chicagoland Showdown Race No. 2,,28-May-83,Illiana Motor Speedway,Illiana Motor Speedway,illiana-motor-speedway,Frank Gawlinski,Frank Gawlinski,,frank-gawlinski,,
0,,,228,1984 Miller High Life Spring Nationals Race No. 1,,28-May-84,Wisconsin International Raceway,Wisconsin International Raceway,wisconsin-international-raceway,Dick Trickle,Dick Trickle,,dick-trickle,,
0,,,229,1984 Miller High Life Spring Nationals Race No. 2,,28-May-84,Wisconsin International Raceway,Wisconsin International Raceway,wisconsin-international-raceway,Dick Trickle,Dick Trickle,,dick-trickle,,
0,,,230,1988 WMUS/American Cancer Society Benefit,,28-May-88,Berlin Raceway,Berlin Raceway,berlin-raceway,Ted Musgrave,Ted Musgrave,,ted-musgrave,,
0,,,231,1990 Miller Genuine Draft TV-5 Spring Nationals,,28-May-90,Wisconsin International Raceway,Wisconsin International Raceway,wisconsin-international-raceway,Joe Shear,Joe Shear,,joe-shear,,
0,,,232,1994 Michigan Challenge,,28-May-94,Berlin Raceway,Berlin Raceway,berlin-raceway,Butch Miller,Butch Miller,,butch-miller,,
0,,,233,1996 KC Colors World Cup 300,,28-Sep-96,I-70 Motorsports Park,I-70 Motorsports Park,i-70-motorsports-park,Tracy Schuler,Tracy Schuler,,tracy-schuler,,
0,,,234,1993 ARTGO Spring Nationals,,29-Aug-93,Wisconsin International Raceway,Wisconsin International Raceway,wisconsin-international-raceway,Bobby Blount,Bobby Blount,,bobby-blount,,
0,,,235,1997 USA Challenge 100,,29-Aug-97,Bolivar Speedway,Bolivar Speedway,bolivar-speedway,Joe Shear,Joe Shear,,joe-shear,,
0,,,236,1985 Chicagoland Showdown,,29-Jun-85,Illiana Motor Speedway,Illiana Motor Speedway,illiana-motor-speedway,Larry Middleton,Larry Middleton,,larry-middleton,,
0,,,237,1983 ARTGO Spring Nationals Race No. 1,,29-May-83,Madison International Speedway,Madison International Speedway,madison-international-speedway,Dick Trickle,Dick Trickle,,dick-trickle,,
0,,,238,1983 ARTGO Spring Nationals Race No. 2,,29-May-83,Madison International Speedway,Madison International Speedway,madison-international-speedway,Joe Shear,Joe Shear,,joe-shear,,
0,,,239,1989 Miller High Life/TV 5 Spring Nationals Race No. 1,,29-May-89,Wisconsin International Raceway,Wisconsin International Raceway,wisconsin-international-raceway,Scott Hansen,Scott Hansen,,scott-hansen,,
0,,,240,1989 Miller High Life/TV 5 Spring Nationals Race No. 2,,29-May-89,Wisconsin International Raceway,Wisconsin International Raceway,wisconsin-international-raceway,Joe Shear,Joe Shear,,joe-shear,,
0,,,241,1993 Michigan Challenge,,29-May-93,Berlin Raceway,Berlin Raceway,berlin-raceway,Bob Senneker,Bob Senneker,,bob-senneker,,
0,,,242,1995 ARTGO Spring Nationals,,29-May-95,Wisconsin International Raceway,Wisconsin International Raceway,wisconsin-international-raceway,Kevin Cywinski,Kevin Cywinski,,kevin-cywinski,,
0,,,243,1990 Say No To Drugs 100,,3-Aug-90,Kalamazoo Speedway,Kalamazoo Speedway,kalamazoo-speedway,Ted Musgrave,Ted Musgrave,,ted-musgrave,,
0,,,244,1993 Dixieland 250,,3-Aug-93,Wisconsin International Raceway,Wisconsin International Raceway,wisconsin-international-raceway,Scott Hansen,Scott Hansen,,scott-hansen,,
0,,,245,ARTGO:1978-06,,3-Jul-78,Madison International Speedway,Madison International Speedway,madison-international-speedway,Rusty Wallace,Rusty Wallace,,rusty-wallace,,
0,,,246,1980 Wausau Holiday Twin 50s Race No. 1,,3-Jul-80,State Park Speedway,State Park Speedway,state-park-speedway,Dick Trickle,Dick Trickle,,dick-trickle,,
0,,,247,1983 ARTGO Summer Nationals,,3-Jul-83,Madison International Speedway,Madison International Speedway,madison-international-speedway,Jim Sauter,Jim Sauter,,jim-sauter,,
0,,,248,1984 Minnesota State Championships,,3-Jul-84,Elko Speedway,Elko Speedway,elko-speedway,Jim Sauter,Jim Sauter,,jim-sauter,,
0,,,249,1985 WBTU Indiana Challenge 100,,3-Jul-85,Baer Field Motorsports Park,Baer Field Motorsports Park,baer-field-motorsports-park,Dick Trickle,Dick Trickle,,dick-trickle,,
0,,,250,1986 Big A Minnesota State Championship,,3-Jul-86,Elko Speedway,Elko Speedway,elko-speedway,"Mark Martin (Batesville, AR)","Mark Martin (Batesville, AR)",,mark-martin-batesville-ar,,
0,,,251,1989 Minnesota State Championship,,3-Jul-89,Elko Speedway,Elko Speedway,elko-speedway,Steve Holzhausen,Steve Holzhausen,,steve-holzhausen,,
0,,,252,1990 Budweiser 100 (ARTGO),,3-Jul-90,Owosso Speedway,Owosso Speedway,owosso-speedway,Fred Campbell,Fred Campbell,,fred-campbell,,
0,,,253,1991 Main Beverage/Budweiser 100,,3-Jul-91,Owosso Speedway,Owosso Speedway,owosso-speedway,Steve Carlson,Steve Carlson,,steve-carlson,,
0,,,254,1992 Minnesota State Championships,,3-Jul-92,Elko Speedway,Elko Speedway,elko-speedway,Tom Carlson,Tom Carlson,,tom-carlson,,
0,,,255,1978 ARTGO All-Star 200 Race No. 1,,3-Jun-78,Grundy County Speedway,Grundy County Speedway,grundy-county-speedway,Tom Reffner,Tom Reffner,,tom-reffner,,
0,,,256,1978 ARTGO All-Star 200 Race No. 2,,3-Jun-78,Grundy County Speedway,Grundy County Speedway,grundy-county-speedway,Tom Reffner,Tom Reffner,,tom-reffner,,
0,,,257,1992 Glass City 100,,3-Oct-92,Toledo Speedway,Toledo Speedway,toledo-speedway,Butch Miller,Butch Miller,,butch-miller,,
0,,,258,1988 ARTGO Summer Nationals,,3-Sep-88,Dells Raceway Park,Dells Raceway Park,dells-raceway-park,Steve Carlson,Steve Carlson,,steve-carlson,,
0,,,259,1994 Johnson Service Center Summer Showdown 100,,3-Sep-94,Lebanon I-44 Speedway,Lebanon I-44 Speedway,lebanon-i-44-speedway,Larry Phillips,Larry Phillips,,larry-phillips,,
0,,,260,1995 ARTGO Western Swing Finale,,3-Sep-95,Lakeside Speedway,Lakeside Speedway,lakeside-speedway,Tom Carlson,Tom Carlson,,tom-carlson,,
0,,,261,1978 ARTGO Spring Classic,,30-Apr-78,Grundy County Speedway,Grundy County Speedway,grundy-county-speedway,Dick Trickle,Dick Trickle,,dick-trickle,,
0,,,262,1996 ARTGO USA Challenge,,30-Aug-96,Bolivar Speedway,Bolivar Speedway,bolivar-speedway,Joe Shear,Joe Shear,,joe-shear,,
0,,,263,1997 Johnson Service Center 100,,30-Aug-97,Lebanon I-44 Speedway,Lebanon I-44 Speedway,lebanon-i-44-speedway,Joe Shear,Joe Shear,,joe-shear,,
0,,,264,1977 ARTGO Summer Nationals Race No. 1,,30-Jul-77,Madison International Speedway,Madison International Speedway,madison-international-speedway,Larry Detjens,Larry Detjens,,larry-detjens,,
0,,,265,1977 ARTGO Summer Nationals Race No. 2,,30-Jul-77,Madison International Speedway,Madison International Speedway,madison-international-speedway,Bob Senneker,Bob Senneker,,bob-senneker,,
0,,,266,1989 Grand Valley Marine 100,,30-Jul-89,Kalamazoo Speedway,Kalamazoo Speedway,kalamazoo-speedway,Joe Shear,Joe Shear,,joe-shear,,
0,,,267,1990 Cabin Fever 100,,30-Jun-90,Dells Raceway Park,Dells Raceway Park,dells-raceway-park,Pete Moore,Pete Moore,,pete-moore,,
0,,,268,1993 Fair Days 100,,30-Jun-93,Grundy County Speedway,Grundy County Speedway,grundy-county-speedway,Steve Carlson,Steve Carlson,,steve-carlson,,
0,,,269,ARTGO:1977-01,,30-May-77,Madison International Speedway,Madison International Speedway,madison-international-speedway,Joe Shear,Joe Shear,,joe-shear,,
0,,,270,ARTGO:1977-02,,30-May-77,Madison International Speedway,Madison International Speedway,madison-international-speedway,Ed Howe,Ed Howe,,ed-howe,,
0,,,271,1982 Chicagoland Showdown Race No. 1,,30-May-82,Illiana Motor Speedway,Illiana Motor Speedway,illiana-motor-speedway,Jim Sauter,Jim Sauter,,jim-sauter,,
0,,,272,1982 Chicagoland Showdown Race No. 2,,30-May-82,Illiana Motor Speedway,Illiana Motor Speedway,illiana-motor-speedway,Jim Sauter,Jim Sauter,,jim-sauter,,
0,,,273,1988 Miller High Life/TV-5 Spring Nationals Race No. 1,,30-May-88,Wisconsin International Raceway,Wisconsin International Raceway,wisconsin-international-raceway,Butch Miller,Butch Miller,,butch-miller,,
0,,,274,1988 Miller High Life/TV-5 Spring Nationals Race No. 2,,30-May-88,Wisconsin International Raceway,Wisconsin International Raceway,wisconsin-international-raceway,Steve Holzhausen,Steve Holzhausen,,steve-holzhausen,,
0,,,275,1994 Miller Genuine Draft Spring Nationals,,30-May-94,Wisconsin International Raceway,Wisconsin International Raceway,wisconsin-international-raceway,Jim Weber (MN),Jim Weber (MN),,jim-weber-mn,,
0,,,276,1982 ARTGO Dixieland Challenge,,31-Aug-82,Wisconsin International Raceway,Wisconsin International Raceway,wisconsin-international-raceway,Jim Sauter,Jim Sauter,,jim-sauter,,
0,,,277,1991 Midwest Championships,,31-Aug-91,Dells Raceway Park,Dells Raceway Park,dells-raceway-park,,,,,,
0,,,278,1996 Johnson Service Center 100,,31-Aug-96,Lebanon I-44 Speedway,Lebanon I-44 Speedway,lebanon-i-44-speedway,Joe Shear,Joe Shear,,joe-shear,,
0,,,279,1984 Bobby Allison Night,,31-Jul-84,Baer Field Motorsports Park,Baer Field Motorsports Park,baer-field-motorsports-park,Bobby Allison (AL),Bobby Allison (AL),,bobby-allison-al,,
0,,,280,1992 Say No To Drugs 100,,31-Jul-92,Kalamazoo Speedway,Kalamazoo Speedway,kalamazoo-speedway,Larry Schuler,Larry Schuler,,larry-schuler,,
0,,,281,1996 ARTGO Spring Classic,,31-Mar-96,Rockford Speedway,Rockford Speedway,rockford-speedway,Larry Schuler,Larry Schuler,,larry-schuler,,
0,,,282,1981 ARTGO Dixieland Challenge Race No. 1,,31-May-81,Wisconsin International Raceway,Wisconsin International Raceway,wisconsin-international-raceway,Larry Schuler,Larry Schuler,,larry-schuler,,
0,,,283,1981 ARTGO Dixieland Challenge Race No. 2,,31-May-81,Wisconsin International Raceway,Wisconsin International Raceway,wisconsin-international-raceway,Jim Sauter,Jim Sauter,,jim-sauter,,
0,,,284,1982 Memorial Day Pepsi 100 Race No. 1,,31-May-82,Madison International Speedway,Madison International Speedway,madison-international-speedway,Tom Reffner,Tom Reffner,,tom-reffner,,
0,,,285,1982 Memorial Day Pepsi 100 Race No. 2,,31-May-82,Madison International Speedway,Madison International Speedway,madison-international-speedway,Mike Miller,Mike Miller,,mike-miller,,
0,,,286,1993 Spring Classic,,4-Apr-93,Rockford Speedway,Rockford Speedway,rockford-speedway,Scott Hansen,Scott Hansen,,scott-hansen,,
0,,,287,1992 Dixieland 250,,4-Aug-92,Wisconsin International Raceway,Wisconsin International Raceway,wisconsin-international-raceway,Steve Holzhausen,Steve Holzhausen,,steve-holzhausen,,
0,,,288,1979 NGK Spark Plug 200,,4-Jul-79,LaCrosse Fairgrounds Speedway,LaCrosse Fairgrounds Speedway,lacrosse-fairgrounds-speedway,Tom Reffner,Tom Reffner,,tom-reffner,,
0,,,289,1980 Dairyland 150 Race No. 1,,4-Jul-80,Golden Sands Speedway,Golden Sands Speedway,golden-sands-speedway,Larry Detjens,Larry Detjens,,larry-detjens,,
0,,,290,1980 Dairyland 150 Race No. 2,,4-Jul-80,Golden Sands Speedway,Golden Sands Speedway,golden-sands-speedway,Jim Sauter,Jim Sauter,,jim-sauter,,
0,,,291,1980 Wausau Holiday Twin 50s Race No. 2,,4-Jul-80,State Park Speedway,State Park Speedway,state-park-speedway,Larry Detjens,Larry Detjens,,larry-detjens,,
0,,,292,1981 Firecracker 100,,4-Jul-81,Lake Geneva Raceway,Lake Geneva Raceway,lake-geneva-raceway,Jim Sauter,Jim Sauter,,jim-sauter,,
0,,,293,1982 Firecracker 150 Race No. 1,,4-Jul-82,Madison International Speedway,Madison International Speedway,madison-international-speedway,Joe Shear,Joe Shear,,joe-shear,,
0,,,294,1982 Firecracker 150 Race No. 2,,4-Jul-82,Madison International Speedway,Madison International Speedway,madison-international-speedway,Steve Burgess,Steve Burgess,,steve-burgess,,
0,,,295,1983 Summer Nationals Dairyland 100 Race No. 1,,4-Jul-83,Wisconsin International Raceway,Wisconsin International Raceway,wisconsin-international-raceway,Dick Trickle,Dick Trickle,,dick-trickle,,
0,,,296,1983 Summer Nationals Dairyland 100 Race No. 2,,4-Jul-83,Wisconsin International Raceway,Wisconsin International Raceway,wisconsin-international-raceway,Dick Trickle,Dick Trickle,,dick-trickle,,
0,,,297,1987 4th of July Spectacular,,4-Jul-87,Berlin Raceway,Berlin Raceway,berlin-raceway,Butch Miller,Butch Miller,,butch-miller,,
0,,,298,1996 Miller Genuine Draft 100 (ARTGO),,4-Jun-96,Hawkeye Downs Speedway,Hawkeye Downs Speedway,hawkeye-downs-speedway,Steve Carlson,Steve Carlson,,steve-carlson,,
0,,,299,1986 ARTGO Spring Classic,,4-May-86,Rockford Speedway,Rockford Speedway,rockford-speedway,Joe Shear,Joe Shear,,joe-shear,,
0,,,300,1987 ARTGO Spring Classic,,5-Apr-87,Rockford Speedway,Rockford Speedway,rockford-speedway,Dick Trickle,Dick Trickle,,dick-trickle,,
0,,,301,1992 Spring Classic 150,,5-Apr-92,Rockford Speedway,Rockford Speedway,rockford-speedway,Jim Weber (MN),Jim Weber (MN),,jim-weber-mn,,
0,,,302,1978 ARTGO Summer Nationals Race No. 1,,5-Aug-78,Madison International Speedway,Madison International Speedway,madison-international-speedway,"Mark Martin (Batesville, AR)","Mark Martin (Batesville, AR)",,mark-martin-batesville-ar,,
0,,,303,1986 Miller High Life/Newscenter 11 Dixieland Challenge,,5-Aug-86,Wisconsin International Raceway,Wisconsin International Raceway,wisconsin-international-raceway,Butch Miller,Butch Miller,,butch-miller,,
0,,,304,1997 Dixieland 250,,5-Aug-97,Wisconsin International Raceway,Wisconsin International Raceway,wisconsin-international-raceway,Steve Carlson,Steve Carlson,,steve-carlson,,
0,,,305,1981 ARTGO Holiday Twin 50s Race No. 1,,5-Jul-81,Madison International Speedway,Madison International Speedway,madison-international-speedway,Jim Sauter,Jim Sauter,,jim-sauter,,
0,,,306,1981 ARTGO Holiday Twin 50s Race No. 2,,5-Jul-81,Madison International Speedway,Madison International Speedway,madison-international-speedway,"Mark Martin (Batesville, AR)","Mark Martin (Batesville, AR)",,mark-martin-batesville-ar,,
0,,,307,1985 Big A Minnesota Championship,,5-Jul-85,Elko Speedway,Elko Speedway,elko-speedway,Dick Trickle,Dick Trickle,,dick-trickle,,
0,,,308,1997 All-American 100,,5-Jul-97,Lake Geneva Raceway,Lake Geneva Raceway,lake-geneva-raceway,Jim Weber (MN),Jim Weber (MN),,jim-weber-mn,,
0,,,309,1983 Dr. Pepper 100 Race No. 1,,5-Jun-83,LaCrosse Fairgrounds Speedway,LaCrosse Fairgrounds Speedway,lacrosse-fairgrounds-speedway,Dick Trickle,Dick Trickle,,dick-trickle,,
0,,,310,1983 Dr. Pepper 100 Race No. 2,,5-Jun-83,LaCrosse Fairgrounds Speedway,LaCrosse Fairgrounds Speedway,lacrosse-fairgrounds-speedway,Dick Trickle,Dick Trickle,,dick-trickle,,
0,,,311,1993 Chicagoland Showdown,,5-Jun-93,Illiana Motor Speedway,Illiana Motor Speedway,illiana-motor-speedway,Larry Schuler,Larry Schuler,,larry-schuler,,
0,,,312,1987 ARTGO Summer Nationals,,5-Sep-87,Dells Raceway Park,Dells Raceway Park,dells-raceway-park,Joe Shear,Joe Shear,,joe-shear,,
0,,,313,1994 ARTGO Western Swing Race No. 4,,5-Sep-94,Lakeside Speedway,Lakeside Speedway,lakeside-speedway,Steve Carlson,Steve Carlson,,steve-carlson,,
0,,,314,1991 ARTGO Dixieland Challenge,,6-Aug-91,Wisconsin International Raceway,Wisconsin International Raceway,wisconsin-international-raceway,Dick Trickle,Dick Trickle,,dick-trickle,,
0,,,315,1996 Dixieland Challenge 250,,6-Aug-96,Wisconsin International Raceway,Wisconsin International Raceway,wisconsin-international-raceway,Joe Shear,Joe Shear,,joe-shear,,
0,,,316,1980 Pepsi Cola 100 Race No. 1,,6-Jul-80,Madison International Speedway,Madison International Speedway,madison-international-speedway,Joe Shear,Joe Shear,,joe-shear,,
0,,,317,1980 Pepsi Cola 100 Race No. 2,,6-Jul-80,Madison International Speedway,Madison International Speedway,madison-international-speedway,Bob Senneker,Bob Senneker,,bob-senneker,,
0,,,318,1991 ARTGO Summer Nationals,,6-Jul-91,Dells Raceway Park,Dells Raceway Park,dells-raceway-park,Kevin Cywinski,Kevin Cywinski,,kevin-cywinski,,
0,,,319,1989 Miller Hawkeye 100,,6-Jun-89,Hawkeye Downs Speedway,Hawkeye Downs Speedway,hawkeye-downs-speedway,Steve Holzhausen,Steve Holzhausen,,steve-holzhausen,,
0,,,320,1990 Miller 100,,6-Jun-90,Hawkeye Downs Speedway,Hawkeye Downs Speedway,hawkeye-downs-speedway,Larry Phillips,Larry Phillips,,larry-phillips,,
0,,,321,1992 ARTGO 100,,6-Jun-92,Berlin Raceway,Berlin Raceway,berlin-raceway,Tom Carlson,Tom Carlson,,tom-carlson,,
0,,,322,1995 Miller Hawkeye 100,,6-Jun-95,Hawkeye Downs Speedway,Hawkeye Downs Speedway,hawkeye-downs-speedway,Joe Shear,Joe Shear,,joe-shear,,
0,,,323,1984 ARTGO Spring Classic,,6-May-84,Rockford Speedway,Rockford Speedway,rockford-speedway,Dick Trickle,Dick Trickle,,dick-trickle,,
0,,,324,1982 ARTGO Summer Nationals Race No. 1,,6-Sep-82,Madison International Speedway,Madison International Speedway,madison-international-speedway,Joe Shear,Joe Shear,,joe-shear,,
0,,,325,1982 ARTGO Summer Nationals Race No. 2,,6-Sep-82,Madison International Speedway,Madison International Speedway,madison-international-speedway,Jim Sauter,Jim Sauter,,jim-sauter,,
0,,,326,1991 Spring Classic,,7-Apr-91,Rockford Speedway,Rockford Speedway,rockford-speedway,Kevin Cywinski,Kevin Cywinski,,kevin-cywinski,,
0,,,327,1984 ARTGO Dixieland Challenge,,7-Aug-84,Wisconsin International Raceway,Wisconsin International Raceway,wisconsin-international-raceway,"Mark Martin (Batesville, AR)","Mark Martin (Batesville, AR)",,mark-martin-batesville-ar,,
0,,,328,1985 Miller High Life Dixieland Challenge,,7-Aug-85,Wisconsin International Raceway,Wisconsin International Raceway,wisconsin-international-raceway,Butch Miller,Butch Miller,,butch-miller,,
0,,,329,1990 Dixieland 250,,7-Aug-90,Wisconsin International Raceway,Wisconsin International Raceway,wisconsin-international-raceway,Dick Trickle,Dick Trickle,,dick-trickle,,
0,,,330,1993 Pabst Light 100,,7-Jul-93,Hawkeye Downs Speedway,Hawkeye Downs Speedway,hawkeye-downs-speedway,Larry Schuler,Larry Schuler,,larry-schuler,,
0,,,331,1988 Cabin Fever 100,,7-May-88,Dells Raceway Park,Dells Raceway Park,dells-raceway-park,Joe Shear,Joe Shear,,joe-shear,,
0,,,332,1994 Cabin Fever 100,,7-May-94,Dells Raceway Park,Dells Raceway Park,dells-raceway-park,Joe Shear,Joe Shear,,joe-shear,,
0,,,333,1996 ARTGO Tournament of Speed,,7-Sep-96,Wisconsin International Raceway,Wisconsin International Raceway,wisconsin-international-raceway,Joe Shear,Joe Shear,,joe-shear,,
0,,,334,1979 ARTGO Spring Classic,,8-Apr-79,Madison International Speedway,Madison International Speedway,madison-international-speedway,Tom Reffner,Tom Reffner,,tom-reffner,,
0,,,335,1990 ARTGO Spring Classic,,8-Apr-90,Rockford Speedway,Rockford Speedway,rockford-speedway,Scott Hansen,Scott Hansen,,scott-hansen,,
0,,,336,1976 ARTGO Summer Classic Race No. 1,,8-Aug-76,Grundy County Speedway,Grundy County Speedway,grundy-county-speedway,Dave Watson,Dave Watson,,dave-watson,,
0,,,337,1976 ARTGO Summer Classic Race No. 2,,8-Aug-76,Grundy County Speedway,Grundy County Speedway,grundy-county-speedway,Dave Watson,Dave Watson,,dave-watson,,
0,,,338,1980 Hi Rev 150 Race No. 1,,8-Jun-80,Wisconsin International Raceway,Wisconsin International Raceway,wisconsin-international-raceway,Dick Trickle,Dick Trickle,,dick-trickle,,
0,,,339,1980 Hi Rev 150 Race No. 2,,8-Jun-80,Wisconsin International Raceway,Wisconsin International Raceway,wisconsin-international-raceway,"Mark Martin (Batesville, AR)","Mark Martin (Batesville, AR)",,mark-martin-batesville-ar,,
0,,,340,1991 Hawkeye Miller Genuine Draft 100,,8-Jun-91,Hawkeye Downs Speedway,Hawkeye Downs Speedway,hawkeye-downs-speedway,Joe Shear,Joe Shear,,joe-shear,,
0,,,341,1979 Dairyland 150 Race No. 1,,8-Sep-79,Golden Sands Speedway,Golden Sands Speedway,golden-sands-speedway,Dick Trickle,Dick Trickle,,dick-trickle,,
0,,,342,1979 Dairyland 150 Race No. 2,,8-Sep-79,Golden Sands Speedway,Golden Sands Speedway,golden-sands-speedway,Mike Miller,Mike Miller,,mike-miller,,
0,,,343,1979 Dairyland 150 Race No. 3,,8-Sep-79,Golden Sands Speedway,Golden Sands Speedway,golden-sands-speedway,Dick Trickle,Dick Trickle,,dick-trickle,,
0,,,344,1985 Midwest Championship Invitational,,8-Sep-85,Dells Raceway Park,Dells Raceway Park,dells-raceway-park,Dick Trickle,Dick Trickle,,dick-trickle,,
0,,,345,1995 Spring Classic,,9-Apr-95,Rockford Speedway,Rockford Speedway,rockford-speedway,Kevin Cywinski,Kevin Cywinski,,kevin-cywinski,,
0,,,346,1981 Dairyland 150 Race No. 1,,9-Aug-81,Golden Sands Speedway,Golden Sands Speedway,golden-sands-speedway,"Mark Martin (Batesville, AR)","Mark Martin (Batesville, AR)",,mark-martin-batesville-ar,,
0,,,347,1981 Dairyland 150 Race No. 2,,9-Aug-81,Golden Sands Speedway,Golden Sands Speedway,golden-sands-speedway,Jim Sauter,Jim Sauter,,jim-sauter,,
0,,,348,1976 CAM2 Classic,,9-May-76,Grundy County Speedway,Grundy County Speedway,grundy-county-speedway,Ray Young,Ray Young,,ray-young,,
0,,,349,1981 Midwest Championship Race No. 1,,9-May-81,Dells Raceway Park,Dells Raceway Park,dells-raceway-park,Larry Detjens,Larry Detjens,,larry-detjens,,
0,,,350,1981 Midwest Championship Race No. 2,,9-May-81,Dells Raceway Park,Dells Raceway Park,dells-raceway-park,Larry Detjens,Larry Detjens,,larry-detjens,,
0,,,351,1987 Cabin Fever 100,,9-May-87,Dells Raceway Park,Dells Raceway Park,dells-raceway-park,Butch Miller,Butch Miller,,butch-miller,,
0,,,352,ARTGO:1993-02,,9-May-93,Milwaukee Mile,Milwaukee Mile,milwaukee-mile,Scott Hansen,Scott Hansen,,scott-hansen,,
0,,,353,1983 ARTGO Fall Nationals Race No. 1,,9-Oct-83,Grundy County Speedway,Grundy County Speedway,grundy-county-speedway,Dick Trickle,Dick Trickle,,dick-trickle,,
0,,,354,1983 ARTGO Fall Nationals Race No. 2,,9-Oct-83,Grundy County Speedway,Grundy County Speedway,grundy-county-speedway,Rusty Wallace,Rusty Wallace,,rusty-wallace,,
0,,,355,1983 ARTGO Fall Nationals Race No. 3,,9-Oct-83,Grundy County Speedway,Grundy County Speedway,grundy-county-speedway,Frank Gawlinski,Frank Gawlinski,,frank-gawlinski,,
0,,,356,1995 ARTGO Tournament of Speed,,9-Sep-95,Wisconsin International Raceway,Wisconsin International Raceway,wisconsin-international-raceway,Jim Weber (MN),Jim Weber (MN),,jim-weber-mn,,
