race_slug,race_id,driver_id,finishing_position,starting_position,car_number,status,laps,notes
2001-marvelous-marv-91,,14573,1,,,,,
2001-marvelous-marv-91,,11624,2,,,,,
2001-marvelous-marv-91,,3215,3,,,,,
2001-marvelous-marv-91,,11210,4,,,,,
2001-marvelous-marv-91,,15866,5,,,,,
2001-marvelous-marv-91,,14187,6,,,,,
2001-marvelous-marv-91,,1124,7,,,,,
2001-marvelous-marv-91,,516,8,,,,,
2001-marvelous-marv-91,,19122,9,,,,,
2001-marvelous-marv-91,,22477,10,,,,,
2001-marvelous-marv-91,,7519,11,,,,,
2001-marvelous-marv-91,,15347,12,,,,,
2001-marvelous-marv-91,,3355,13,,,,,
2001-marvelous-marv-91,,17569,14,,,,,
2001-marvelous-marv-91,,12529,15,,,,,
2001-marvelous-marv-91,,23035,16,,,,,
2001-marvelous-marv-91,,10667,17,,,,,
2001-marvelous-marv-91,,8526,18,,,,,
2001-marvelous-marv-91,,8715,19,,,,,
2001-marvelous-marv-91,,null,20,,,,,
2001-marvelous-marv-91,,12450,21,,,,,
2001-marvelous-marv-91,,11096,22,,,,,
2001-reffner-race-88,,14573,1,,,,,
2001-reffner-race-88,,14187,2,,,,,
2001-reffner-race-88,,15866,3,,,,,
2001-reffner-race-88,,13668,4,,,,,
2001-reffner-race-88,,14762,5,,,,,
2001-reffner-race-88,,516,6,,,,,
2001-reffner-race-88,,19001,7,,,,,
2001-reffner-race-88,,8715,8,,,,,
2001-reffner-race-88,,14484,9,,,,,
2001-reffner-race-88,,23035,10,,,,,
2001-reffner-race-88,,1124,11,,,,,
2001-reffner-race-88,,11096,12,,,,,
2001-reffner-race-88,,16295,13,,,,,
2001-reffner-race-88,,3355,14,,,,,
2001-reffner-race-88,,19122,15,,,,,
2001-reffner-race-88,,null,16,,,,,
2001-reffner-race-88,,4194,17,,,,,
2001-reffner-race-88,,3215,18,,,,,
2001-reffner-race-88,,11210,19,,,,,
2001-reffner-race-88,,10667,20,,,,,
2001-reffner-race-88,,11624,21,,,,,
2001-reffner-race-88,,22013,22,,,,,
2001-dick-trickle-99,,19584,1,,,,,
2001-dick-trickle-99,,7419,2,,,,,
2001-dick-trickle-99,,15866,3,,,,,
2001-dick-trickle-99,,11765,4,,,,,
2001-dick-trickle-99,,516,5,,,,,
2001-dick-trickle-99,,603,6,,,,,
2001-dick-trickle-99,,14762,7,,,,,
2001-dick-trickle-99,,11624,8,,,,,
2001-dick-trickle-99,,1772,9,,,,,
2001-dick-trickle-99,,14187,10,,,,,
2001-dick-trickle-99,,16295,11,,,,,
2001-dick-trickle-99,,8526,12,,,,,
2001-dick-trickle-99,,8230,13,,,,,
2001-dick-trickle-99,,3215,14,,,,,
2001-dick-trickle-99,,11092,15,,,,,
2001-dick-trickle-99,,10667,16,,,,,
2001-dick-trickle-99,,11210,17,,,,,
2001-dick-trickle-99,,12529,18,,,,,
2001-dick-trickle-99,,22013,19,,,,,
2001-dick-trickle-99,,8715,20,,,,,
2001-dick-trickle-99,,14484,21,,,,,
2001-dick-trickle-99,,11096,22,,,,,
2002-spring-fling-75,,3355,1,,,,,
2002-spring-fling-75,,20819,2,,,,,
2002-spring-fling-75,,14187,3,,,,,
2002-spring-fling-75,,11210,4,,,,,
2002-spring-fling-75,,8715,5,,,,,
2002-spring-fling-75,,7419,6,,,,,
2002-spring-fling-75,,516,7,,,,,
2002-spring-fling-75,,19584,8,,,,,
2002-spring-fling-75,,15866,9,,,,,
2002-spring-fling-75,,14762,10,,,,,
2002-spring-fling-75,,394,11,,,,,
2002-spring-fling-75,,null,12,,,,,
2002-spring-fling-75,,8809,13,,,,,
2002-spring-fling-75,,8526,14,,,,,
2002-spring-fling-75,,5869,15,,,,,
2002-spring-fling-75,,18245,16,,,,,
2002-spring-fling-75,,8535,17,,,,,
2002-spring-fling-75,,16778,18,,,,,
2002-spring-fling-75,,2665,19,,,,,
2002-spring-fling-75,,15678,20,,,,,
2002-spring-fling-75,,9402,21,,,,,
2002-spring-fling-75,,11765,22,,,,,
2002-ice-breaker-75,,17512,1,,,,,
2002-ice-breaker-75,,4194,2,,,,,
2002-ice-breaker-75,,11096,3,,,,,
2002-ice-breaker-75,,11210,4,,,,,
2002-ice-breaker-75,,8715,5,,,,,
2002-ice-breaker-75,,15866,6,,,,,
2002-ice-breaker-75,,516,7,,,,,
2002-ice-breaker-75,,14187,8,,,,,
2002-ice-breaker-75,,11765,9,,,,,
2002-ice-breaker-75,,10667,10,,,,,
2002-ice-breaker-75,,19584,11,,,,,
2002-ice-breaker-75,,13668,12,,,,,
2002-ice-breaker-75,,8535,13,,,,,
2002-ice-breaker-75,,8381,14,,,,,
2002-ice-breaker-75,,3355,15,,,,,
2002-ice-breaker-75,,13732,16,,,,,
2002-ice-breaker-75,,18245,17,,,,,
2002-ice-breaker-75,,23301,18,,,,,
2002-ice-breaker-75,,2665,19,,,,,
2002-ice-breaker-75,,10910,20,,,,,
2002-ice-breaker-75,,22477,21,,,,,
2002-ice-breaker-75,,19001,22,,,,,
2002-ice-breaker-75,,5869,23,,,,,
2002-memorial-75,,8715,1,,,,,
2002-memorial-75,,11096,2,,,,,
2002-memorial-75,,14187,3,,,,,
2002-memorial-75,,14762,4,,,,,
2002-memorial-75,,22477,5,,,,,
2002-memorial-75,,13890,6,,,,,
2002-memorial-75,,516,7,,,,,
2002-memorial-75,,15866,8,,,,,
2002-memorial-75,,13668,9,,,,,
2002-memorial-75,,4194,10,,,,,
2002-memorial-75,,15732,11,,,,,
2002-memorial-75,,11210,12,,,,,
2002-memorial-75,,6384,13,,,,,
2002-memorial-75,,8535,14,,,,,
2002-memorial-75,,19584,15,,,,,
2002-memorial-75,,8381,16,,,,,
2002-memorial-75,,3355,17,,,,,
2002-memorial-75,,18245,18,,,,,
2002-memorial-75,,11765,19,,,,,
2002-memorial-75,,12161,20,,,,,
2002-memorial-75,,13732,21,,,,,
2002-memorial-75,,12529,22,,,,,
2002-larry-detjens-memorial,,20921,1,,,,,
2002-larry-detjens-memorial,,23695,2,,,,,
2002-larry-detjens-memorial,,15955,3,,,,,
2002-larry-detjens-memorial,,4200,4,,,,,
2002-larry-detjens-memorial,,516,5,,,,,
2002-larry-detjens-memorial,,19584,6,,,,,
2002-larry-detjens-memorial,,14187,7,,,,,
2002-larry-detjens-memorial,,13732,8,,,,,
2002-larry-detjens-memorial,,11210,9,,,,,
2002-larry-detjens-memorial,,15732,10,,,,,
2002-larry-detjens-memorial,,10667,11,,,,,
2002-larry-detjens-memorial,,5869,12,,,,,
2002-larry-detjens-memorial,,18245,13,,,,,
2002-larry-detjens-memorial,,4481,14,,,,,
2002-larry-detjens-memorial,,4194,15,,,,,
2002-larry-detjens-memorial,,22477,16,,,,,
2002-larry-detjens-memorial,,15866,17,,,,,
2002-larry-detjens-memorial,,7473,18,,,,,
2002-larry-detjens-memorial,,11096,19,,,,,
2002-larry-detjens-memorial,,3355,20,,,,,
2002-larry-detjens-memorial,,23689,21,,,,,
2002-larry-detjens-memorial,,8715,22,,,,,
2002-north-american-cup,,10910,1,,,,,
2002-north-american-cup,,14363,2,,,,,
2002-north-american-cup,,11007,3,,,,,
2002-north-american-cup,,14762,4,,,,,
2002-north-american-cup,,18118,5,,,,,
2002-north-american-cup,,4200,6,,,,,
2002-north-american-cup,,603,7,,,,,
2002-north-american-cup,,8230,8,,,,,
2002-north-american-cup,,11360,9,,,,,
2002-north-american-cup,,8079,10,,,,,
2002-north-american-cup,,22477,11,,,,,
2002-north-american-cup,,11210,12,,,,,
2002-north-american-cup,,10667,13,,,,,
2002-north-american-cup,,14573,14,,,,,
2002-north-american-cup,,3880,15,,,,,
2002-north-american-cup,,8526,16,,,,,
2002-north-american-cup,,19001,17,,,,,
2002-north-american-cup,,5276,18,,,,,
2002-north-american-cup,,23095,19,,,,,
2002-north-american-cup,,14187,20,,,,,
2002-north-american-cup,,5869,21,,,,,
2002-north-american-cup,,13983,22,,,,,
2002-north-american-cup,,7419,23,,,,,
2002-legends-75,,11096,1,,,,,
2002-legends-75,,8715,2,,,,,
2002-legends-75,,516,3,,,,,
2002-legends-75,,11210,4,,,,,
2002-legends-75,,15866,5,,,,,
2002-legends-75,,14187,6,,,,,
2002-legends-75,,14762,7,,,,,
2002-legends-75,,22477,8,,,,,
2002-legends-75,,23301,9,,,,,
2002-legends-75,,13732,10,,,,,
2002-legends-75,,19584,11,,,,,
2002-legends-75,,11765,12,,,,,
2002-legends-75,,3355,13,,,,,
2002-legends-75,,7519,14,,,,,
2002-legends-75,,15732,15,,,,,
2002-legends-75,,4194,16,,,,,
2002-legends-75,,15955,17,,,,,
2002-legends-75,,10667,18,,,,,
2002-legends-75,,4481,19,,,,,
2002-legends-75,,2665,20,,,,,
2002-legends-75,,5869,21,,,,,
2002-legends-75,,17512,22,,,,,
2002-legends-75,,3993,23,,,,,
2002-championship-100,,14762,1,,,,,
2002-championship-100,,23035,2,,,,,
2002-championship-100,,22477,3,,,,,
2002-championship-100,,17512,4,,,,,
2002-championship-100,,10910,5,,,,,
2002-championship-100,,2469,6,,,,,
2002-championship-100,,8314,7,,,,,
2002-championship-100,,15866,8,,,,,
2002-championship-100,,14187,9,,,,,
2002-championship-100,,22013,10,,,,,
2002-championship-100,,19584,11,,,,,
2002-championship-100,,8715,12,,,,,
2002-championship-100,,10667,13,,,,,
2002-championship-100,,4194,14,,,,,
2002-championship-100,,516,15,,,,,
2002-championship-100,,8526,16,,,,,
2002-championship-100,,13983,17,,,,,
2002-championship-100,,7419,18,,,,,
2002-championship-100,,2370,19,,,,,
2002-championship-100,,5452,20,,,,,
2002-championship-100,,1772,21,,,,,
2002-championship-100,,null,22,,,,,
2003-charter-communications-100,,14363,1,,,,,
2003-charter-communications-100,,5843,2,,,,,
2003-charter-communications-100,,603,3,,,,,
2003-charter-communications-100,,8314,4,,,,,
2003-charter-communications-100,,14762,5,,,,,
2003-charter-communications-100,,2469,6,,,,,
2003-charter-communications-100,,4194,7,,,,,
2003-charter-communications-100,,17512,8,,,,,
2003-charter-communications-100,,19086,9,,,,,
2003-charter-communications-100,,21594,10,,,,,
2003-charter-communications-100,,14187,11,,,,,
2003-charter-communications-100,,5981,12,,,,,
2003-charter-communications-100,,20451,13,,,,,
2003-charter-communications-100,,23095,14,,,,,
2003-charter-communications-100,,5347,15,,,,,
2003-charter-communications-100,,12529,16,,,,,
2003-charter-communications-100,,11080,17,,,,,
2003-charter-communications-100,,13983,18,,,,,
2003-charter-communications-100,,23035,19,,,,,
2003-charter-communications-100,,11360,20,,,,,
2003-charter-communications-100,,20139,21,,,,,
2003-charter-communications-100,,10910,22,,,,,
2003-spring-fling-100,,8314,1,,,,,
2003-spring-fling-100,,10910,2,,,,,
2003-spring-fling-100,,13291,3,,,,,
2003-spring-fling-100,,14762,4,,,,,
2003-spring-fling-100,,16985,5,,,,,
2003-spring-fling-100,,11210,6,,,,,
2003-spring-fling-100,,20643,7,,,,,
2003-spring-fling-100,,11091,8,,,,,
2003-spring-fling-100,,15732,9,,,,,
2003-spring-fling-100,,181,10,,,,,
2003-spring-fling-100,,4194,11,,,,,
2003-spring-fling-100,,20819,12,,,,,
2003-spring-fling-100,,8809,13,,,,,
2003-spring-fling-100,,8526,14,,,,,
2003-spring-fling-100,,3355,15,,,,,
2003-spring-fling-100,,6406,16,,,,,
2003-spring-fling-100,,22032,17,,,,,
2003-spring-fling-100,,17512,18,,,,,
2003-spring-fling-100,,14187,19,,,,,
2003-spring-fling-100,,20139,20,,,,,
2003-spring-fling-100,,null,21,,,,,
2003-spring-fling-100,,10667,22,,,,,
2003-memorial-100,,11096,1,,,,,
2003-memorial-100,,10667,2,,,,,
2003-memorial-100,,4194,3,,,,,
2003-memorial-100,,21465,4,,,,,
2003-memorial-100,,14187,5,,,,,
2003-memorial-100,,2469,6,,,,,
2003-memorial-100,,8526,7,,,,,
2003-memorial-100,,10910,8,,,,,
2003-memorial-100,,12529,9,,,,,
2003-memorial-100,,8314,10,,,,,
2003-memorial-100,,16985,11,,,,,
2003-memorial-100,,15732,12,,,,,
2003-memorial-100,,516,13,,,,,
2003-memorial-100,,14363,14,,,,,
2003-memorial-100,,1124,15,,,,,
2003-memorial-100,,12161,16,,,,,
2003-memorial-100,,15866,17,,,,,
2003-memorial-100,,8535,18,,,,,
2003-memorial-100,,4481,19,,,,,
2003-memorial-100,,11091,20,,,,,
2003-memorial-100,,20139,21,,,,,
2003-memorial-100,,15955,22,,,,,
2003-dairy-days-75,,13291,1,,,,,
2003-dairy-days-75,,11091,2,,,,,
2003-dairy-days-75,,15866,3,,,,,
2003-dairy-days-75,,10910,4,,,,,
2003-dairy-days-75,,11096,5,,,,,
2003-dairy-days-75,,20451,6,,,,,
2003-dairy-days-75,,13890,7,,,,,
2003-dairy-days-75,,6384,8,,,,,
2003-dairy-days-75,,15732,9,,,,,
2003-dairy-days-75,,4194,10,,,,,
2003-dairy-days-75,,181,11,,,,,
2003-dairy-days-75,,10667,12,,,,,
2003-dairy-days-75,,14363,13,,,,,
2003-dairy-days-75,,11765,14,,,,,
2003-dairy-days-75,,13668,15,,,,,
2003-dairy-days-75,,14762,16,,,,,
2003-dairy-days-75,,12529,17,,,,,
2003-dairy-days-75,,14187,18,,,,,
2003-dairy-days-75,,8314,19,,,,,
2003-dairy-days-75,,8526,20,,,,,
2003-dairy-days-75,,8715,21,,,,,
2003-dairy-days-75,,20139,22,,,,,
2003-larry-detjens-memorial,,4194,1,,,,,
2003-larry-detjens-memorial,,10910,2,,,,,
2003-larry-detjens-memorial,,8314,3,,,,,
2003-larry-detjens-memorial,,8526,4,,,,,
2003-larry-detjens-memorial,,12529,5,,,,,
2003-larry-detjens-memorial,,516,6,,,,,
2003-larry-detjens-memorial,,20139,7,,,,,
2003-larry-detjens-memorial,,15955,8,,,,,
2003-larry-detjens-memorial,,10667,9,,,,,
2003-larry-detjens-memorial,,3355,10,,,,,
2003-larry-detjens-memorial,,181,11,,,,,
2003-larry-detjens-memorial,,15732,12,,,,,
2003-larry-detjens-memorial,,14187,13,,,,,
2003-larry-detjens-memorial,,11091,14,,,,,
2003-larry-detjens-memorial,,20326,15,,,,,
2003-larry-detjens-memorial,,23689,16,,,,,
2003-larry-detjens-memorial,,11096,17,,,,,
2003-larry-detjens-memorial,,19584,18,,,,,
2003-larry-detjens-memorial,,13291,19,,,,,
2003-larry-detjens-memorial,,20643,20,,,,,
2003-larry-detjens-memorial,,17569,21,,,,,
2003-larry-detjens-memorial,,null,22,,,,,
2003-north-american-cup,,13983,1,,,,,
2003-north-american-cup,,17512,2,,,,,
2003-north-american-cup,,8314,3,,,,,
2003-north-american-cup,,10910,4,,,,,
2003-north-american-cup,,8526,5,,,,,
2003-north-american-cup,,4194,6,,,,,
2003-north-american-cup,,3880,7,,,,,
2003-north-american-cup,,603,8,,,,,
2003-north-american-cup,,12529,9,,,,,
2003-north-american-cup,,14363,10,,,,,
2003-north-american-cup,,516,11,,,,,
2003-north-american-cup,,8715,12,,,,,
2003-north-american-cup,,14187,13,,,,,
2003-north-american-cup,,11765,14,,,,,
2003-north-american-cup,,10667,15,,,,,
2003-north-american-cup,,11091,16,,,,,
2003-north-american-cup,,181,17,,,,,
2003-north-american-cup,,20139,18,,,,,
2003-north-american-cup,,22698,19,,,,,
2003-north-american-cup,,20326,20,,,,,
2003-north-american-cup,,5276,21,,,,,
2003-north-american-cup,,14762,22,,,,,
2003-creek-classic-100,,8314,1,,,,,
2003-creek-classic-100,,9537,2,,,,,
2003-creek-classic-100,,4194,3,,,,,
2003-creek-classic-100,,10910,4,,,,,
2003-creek-classic-100,,22032,5,,,,,
2003-creek-classic-100,,16017,6,,,,,
2003-creek-classic-100,,11096,7,,,,,
2003-creek-classic-100,,3880,8,,,,,
2003-creek-classic-100,,14187,9,,,,,
2003-creek-classic-100,,19122,10,,,,,
2003-creek-classic-100,,15732,11,,,,,
2003-creek-classic-100,,6406,12,,,,,
2003-creek-classic-100,,3693,13,,,,,
2003-creek-classic-100,,11765,14,,,,,
2003-creek-classic-100,,11091,15,,,,,
2003-creek-classic-100,,8526,16,,,,,
2003-creek-classic-100,,8381,17,,,,,
2003-creek-classic-100,,20139,18,,,,,
2003-creek-classic-100,,3355,19,,,,,
2003-creek-classic-100,,10667,20,,,,,
2003-creek-classic-100,,13291,21,,,,,
2003-creek-classic-100,,null,22,,,,,
2003-marshfield-75,,15866,1,,,,,
2003-marshfield-75,,8715,2,,,,,
2003-marshfield-75,,12529,3,,,,,
2003-marshfield-75,,181,4,,,,,
2003-marshfield-75,,13668,5,,,,,
2003-marshfield-75,,14363,6,,,,,
2003-marshfield-75,,10667,7,,,,,
2003-marshfield-75,,14187,8,,,,,
2003-marshfield-75,,3355,9,,,,,
2003-marshfield-75,,22477,10,,,,,
2003-marshfield-75,,8314,11,,,,,
2003-marshfield-75,,15732,12,,,,,
2003-marshfield-75,,8526,13,,,,,
2003-marshfield-75,,13291,14,,,,,
2003-marshfield-75,,18245,15,,,,,
2003-marshfield-75,,6384,16,,,,,
2003-marshfield-75,,14762,17,,,,,
2003-marshfield-75,,4194,18,,,,,
2003-marshfield-75,,516,19,,,,,
2003-marshfield-75,,11096,20,,,,,
2003-marshfield-75,,11091,21,,,,,
2003-marshfield-75,,10910,22,,,,,
2003-geneva-challenge-100,,8314,1,,,,,
2003-geneva-challenge-100,,10413,2,,,,,
2003-geneva-challenge-100,,8079,3,,,,,
2003-geneva-challenge-100,,16295,4,,,,,
2003-geneva-challenge-100,,8469,5,,,,,
2003-geneva-challenge-100,,19122,6,,,,,
2003-geneva-challenge-100,,11352,7,,,,,
2003-geneva-challenge-100,,181,8,,,,,
2003-geneva-challenge-100,,11092,9,,,,,
2003-geneva-challenge-100,,12450,10,,,,,
2003-geneva-challenge-100,,22032,11,,,,,
2003-geneva-challenge-100,,13291,12,,,,,
2003-geneva-challenge-100,,6406,13,,,,,
2003-geneva-challenge-100,,6384,14,,,,,
2003-geneva-challenge-100,,8526,15,,,,,
2003-geneva-challenge-100,,14187,16,,,,,
2003-geneva-challenge-100,,10910,17,,,,,
2003-geneva-challenge-100,,14873,18,,,,,
2003-geneva-challenge-100,,8098,19,,,,,
2003-geneva-challenge-100,,10844,20,,,,,
2003-geneva-challenge-100,,10667,21,,,,,
2003-geneva-challenge-100,,4194,22,,,,,
2003-championship-100,,11096,1,,,,,
2003-championship-100,,21465,2,,,,,
2003-championship-100,,11624,3,,,,,
2003-championship-100,,8715,4,,,,,
2003-championship-100,,4194,5,,,,,
2003-championship-100,,20139,6,,,,,
2003-championship-100,,23147,7,,,,,
2003-championship-100,,10667,8,,,,,
2003-championship-100,,10910,9,,,,,
2003-championship-100,,15732,10,,,,,
2003-championship-100,,181,11,,,,,
2003-championship-100,,15866,12,,,,,
2003-championship-100,,8314,13,,,,,
2003-championship-100,,21903,14,,,,,
2003-championship-100,,15955,15,,,,,
2003-championship-100,,13890,16,,,,,
2003-championship-100,,13291,17,,,,,
2003-championship-100,,3693,18,,,,,
2003-championship-100,,14187,19,,,,,
2003-championship-100,,6384,20,,,,,
2003-championship-100,,22032,21,,,,,
2003-championship-100,,8526,22,,,,,
2004-spring-thaw-100,,8314,1,,,,,
2004-spring-thaw-100,,8526,2,,,,,
2004-spring-thaw-100,,11210,3,,,,,
2004-spring-thaw-100,,23035,4,,,,,
2004-spring-thaw-100,,7419,5,,,,,
2004-spring-thaw-100,,22275,6,,,,,
2004-spring-thaw-100,,21903,7,,,,,
2004-spring-thaw-100,,21377,8,,,,,
2004-spring-thaw-100,,603,9,,,,,
2004-spring-thaw-100,,15866,10,,,,,
2004-spring-thaw-100,,11007,11,,,,,
2004-spring-thaw-100,,5230,12,,,,,
2004-spring-thaw-100,,10667,13,,,,,
2004-spring-thaw-100,,8079,14,,,,,
2004-spring-thaw-100,,11080,15,,,,,
2004-spring-thaw-100,,4194,16,,,,,
2004-spring-thaw-100,,18287,17,,,,,
2004-spring-thaw-100,,14187,18,,,,,
2004-spring-thaw-100,,14363,19,,,,,
2004-spring-thaw-100,,14294,20,,,,,
2004-spring-thaw-100,,2911,21,,,,,
2004-spring-thaw-100,,22032,22,,,,,
2004-spring-thaw-100,,5843,23,,,,,
2004-spring-thaw-100,,20643,24,,,,,
2004-memorial-100,,3880,1,,,,,
2004-memorial-100,,15866,2,,,,,
2004-memorial-100,,20451,3,,,,,
2004-memorial-100,,181,4,,,,,
2004-memorial-100,,7419,5,,,,,
2004-memorial-100,,10667,6,,,,,
2004-memorial-100,,4194,7,,,,,
2004-memorial-100,,10910,8,,,,,
2004-memorial-100,,14187,9,,,,,
2004-memorial-100,,2911,10,,,,,
2004-memorial-100,,21903,11,,,,,
2004-memorial-100,,22477,12,,,,,
2004-memorial-100,,15732,13,,,,,
2004-memorial-100,,20139,14,,,,,
2004-memorial-100,,6359,15,,,,,
2004-memorial-100,,6384,16,,,,,
2004-memorial-100,,23035,17,,,,,
2004-memorial-100,,15955,18,,,,,
2004-memorial-100,,22032,19,,,,,
2004-memorial-100,,11210,20,,,,,
2004-memorial-100,,23301,21,,,,,
2004-memorial-100,,11096,22,,,,,
2004-memorial-100,,14294,23,,,,,
2004-first-supply-100,,10628,1,,,,,
2004-first-supply-100,,181,2,,,,,
2004-first-supply-100,,15866,3,,,,,
2004-first-supply-100,,11050,4,,,,,
2004-first-supply-100,,10910,5,,,,,
2004-first-supply-100,,15732,6,,,,,
2004-first-supply-100,,2370,7,,,,,
2004-first-supply-100,,14187,8,,,,,
2004-first-supply-100,,10667,9,,,,,
2004-first-supply-100,,20810,10,,,,,
2004-first-supply-100,,7419,11,,,,,
2004-first-supply-100,,21405,12,,,,,
2004-first-supply-100,,4194,13,,,,,
2004-first-supply-100,,11210,14,,,,,
2004-first-supply-100,,14530,15,,,,,
2004-first-supply-100,,13119,16,,,,,
2004-first-supply-100,,13291,17,,,,,
2004-first-supply-100,,6406,18,,,,,
2004-first-supply-100,,11926,19,,,,,
2004-first-supply-100,,22032,20,,,,,
2004-first-supply-100,,20643,21,,,,,
2004-first-supply-100,,23035,22,,,,,
2004-thomas-electric-75,,181,1,,,,,
2004-thomas-electric-75,,15866,2,,,,,
2004-thomas-electric-75,,11096,3,,,,,
2004-thomas-electric-75,,8715,4,,,,,
2004-thomas-electric-75,,4194,5,,,,,
2004-thomas-electric-75,,22477,6,,,,,
2004-thomas-electric-75,,10667,7,,,,,
2004-thomas-electric-75,,7419,8,,,,,
2004-thomas-electric-75,,11210,9,,,,,
2004-thomas-electric-75,,13890,10,,,,,
2004-thomas-electric-75,,14187,11,,,,,
2004-thomas-electric-75,,8381,12,,,,,
2004-thomas-electric-75,,13668,13,,,,,
2004-thomas-electric-75,,15732,14,,,,,
2004-thomas-electric-75,,13291,15,,,,,
2004-thomas-electric-75,,2911,16,,,,,
2004-thomas-electric-75,,14573,17,,,,,
2004-thomas-electric-75,,8145,18,,,,,
2004-thomas-electric-75,,20643,19,,,,,
2004-thomas-electric-75,,6384,20,,,,,
2004-thomas-electric-75,,null,21,,,,,
2004-thomas-electric-75,,22032,22,,,,,
2004-thomas-electric-75,,20139,23,,,,,
2004-creek-classic-100,,181,1,,,,,
2004-creek-classic-100,,3880,2,,,,,
2004-creek-classic-100,,22032,3,,,,,
2004-creek-classic-100,,15866,4,,,,,
2004-creek-classic-100,,11096,5,,,,,
2004-creek-classic-100,,2665,6,,,,,
2004-creek-classic-100,,11050,7,,,,,
2004-creek-classic-100,,10910,8,,,,,
2004-creek-classic-100,,16017,9,,,,,
2004-creek-classic-100,,7419,10,,,,,
2004-creek-classic-100,,19635,11,,,,,
2004-creek-classic-100,,6384,12,,,,,
2004-creek-classic-100,,2911,13,,,,,
2004-creek-classic-100,,4194,14,,,,,
2004-creek-classic-100,,21717,15,,,,,
2004-creek-classic-100,,14573,16,,,,,
2004-creek-classic-100,,10844,17,,,,,
2004-creek-classic-100,,15732,18,,,,,
2004-creek-classic-100,,13291,19,,,,,
2004-creek-classic-100,,8381,20,,,,,
2004-creek-classic-100,,14187,21,,,,,
2004-creek-classic-100,,8314,22,,,,,
2004-sands-100,,3880,1,,,,,
2004-sands-100,,11210,2,,,,,
2004-sands-100,,8715,3,,,,,
2004-sands-100,,10667,4,,,,,
2004-sands-100,,22477,5,,,,,
2004-sands-100,,20451,6,,,,,
2004-sands-100,,12529,7,,,,,
2004-sands-100,,14187,8,,,,,
2004-sands-100,,7419,9,,,,,
2004-sands-100,,10910,10,,,,,
2004-sands-100,,12161,11,,,,,
2004-sands-100,,15866,12,,,,,
2004-sands-100,,181,13,,,,,
2004-sands-100,,2911,14,,,,,
2004-sands-100,,516,15,,,,,
2004-sands-100,,8145,16,,,,,
2004-sands-100,,15732,17,,,,,
2004-sands-100,,715,18,,,,,
2004-sands-100,,13291,19,,,,,
2004-sands-100,,4194,20,,,,,
2004-sands-100,,8535,21,,,,,
2004-sands-100,,2665,22,,,,,
2004-sands-100,,20139,23,,,,,
2004-spring-fling-redeux,,15866,1,,,,,
2004-spring-fling-redeux,,3880,2,,,,,
2004-spring-fling-redeux,,21903,3,,,,,
2004-spring-fling-redeux,,12161,4,,,,,
2004-spring-fling-redeux,,4194,5,,,,,
2004-spring-fling-redeux,,14294,6,,,,,
2004-spring-fling-redeux,,18261,7,,,,,
2004-spring-fling-redeux,,10628,8,,,,,
2004-spring-fling-redeux,,7419,9,,,,,
2004-spring-fling-redeux,,11096,10,,,,,
2004-spring-fling-redeux,,10667,11,,,,,
2004-spring-fling-redeux,,14187,12,,,,,
2004-spring-fling-redeux,,22032,13,,,,,
2004-spring-fling-redeux,,6406,14,,,,,
2004-spring-fling-redeux,,15732,15,,,,,
2004-spring-fling-redeux,,null,16,,,,,
2004-spring-fling-redeux,,715,17,,,,,
2004-spring-fling-redeux,,56,18,,,,,
2004-spring-fling-redeux,,181,19,,,,,
2004-spring-fling-redeux,,13291,20,,,,,
2004-spring-fling-redeux,,11210,21,,,,,
2004-spring-fling-redeux,,2911,22,,,,,
2004-spring-fling-redeux,,19584,23,,,,,
2004-rainbow-bingo-and-casino-championship-80,,21903,1,,,,,
2004-rainbow-bingo-and-casino-championship-80,,181,2,,,,,
2004-rainbow-bingo-and-casino-championship-80,,10667,3,,,,,
2004-rainbow-bingo-and-casino-championship-80,,3880,4,,,,,
2004-rainbow-bingo-and-casino-championship-80,,4194,5,,,,,
2004-rainbow-bingo-and-casino-championship-80,,20451,6,,,,,
2004-rainbow-bingo-and-casino-championship-80,,17512,7,,,,,
2004-rainbow-bingo-and-casino-championship-80,,2808,8,,,,,
2004-rainbow-bingo-and-casino-championship-80,,21465,9,,,,,
2004-rainbow-bingo-and-casino-championship-80,,1100,10,,,,,
2004-rainbow-bingo-and-casino-championship-80,,8715,11,,,,,
2004-rainbow-bingo-and-casino-championship-80,,11210,12,,,,,
2004-rainbow-bingo-and-casino-championship-80,,13890,13,,,,,
2004-rainbow-bingo-and-casino-championship-80,,15866,14,,,,,
2004-rainbow-bingo-and-casino-championship-80,,681,15,,,,,
2004-rainbow-bingo-and-casino-championship-80,,8381,16,,,,,
2004-rainbow-bingo-and-casino-championship-80,,13668,17,,,,,
2004-rainbow-bingo-and-casino-championship-80,,133,18,,,,,
2004-rainbow-bingo-and-casino-championship-80,,7419,19,,,,,
2004-rainbow-bingo-and-casino-championship-80,,11096,20,,,,,
2004-rainbow-bingo-and-casino-championship-80,,13291,21,,,,,
2004-rainbow-bingo-and-casino-championship-80,,22266,22,,,,,
2004-rainbow-bingo-and-casino-championship-80,,8145,23,,,,,
2005-new-beginnings-100-presented-by-pickett-septic,,3880,1,,,,,
2005-new-beginnings-100-presented-by-pickett-septic,,181,2,,,,,
2005-new-beginnings-100-presented-by-pickett-septic,,20451,3,,,,,
2005-new-beginnings-100-presented-by-pickett-septic,,603,4,,,,,
2005-new-beginnings-100-presented-by-pickett-septic,,20139,5,,,,,
2005-new-beginnings-100-presented-by-pickett-septic,,11210,6,,,,,
2005-new-beginnings-100-presented-by-pickett-septic,,15866,7,,,,,
2005-new-beginnings-100-presented-by-pickett-septic,,10910,8,,,,,
2005-new-beginnings-100-presented-by-pickett-septic,,11765,9,,,,,
2005-new-beginnings-100-presented-by-pickett-septic,,6359,10,,,,,
2005-new-beginnings-100-presented-by-pickett-septic,,21903,11,,,,,
2005-new-beginnings-100-presented-by-pickett-septic,,8526,12,,,,,
2005-new-beginnings-100-presented-by-pickett-septic,,6821,13,,,,,
2005-new-beginnings-100-presented-by-pickett-septic,,4194,14,,,,,
2005-new-beginnings-100-presented-by-pickett-septic,,14294,15,,,,,
2005-new-beginnings-100-presented-by-pickett-septic,,7419,16,,,,,
2005-new-beginnings-100-presented-by-pickett-septic,,1662,17,,,,,
2005-new-beginnings-100-presented-by-pickett-septic,,19122,18,,,,,
2005-new-beginnings-100-presented-by-pickett-septic,,10667,19,,,,,
2005-new-beginnings-100-presented-by-pickett-septic,,11096,20,,,,,
2005-new-beginnings-100-presented-by-pickett-septic,,13983,21,,,,,
2005-new-beginnings-100-presented-by-pickett-septic,,19598,22,,,,,
2005-new-beginnings-100-presented-by-pickett-septic,,8314,23,,,,,
2005-bud-spring-classic,,17512,1,,,,,
2005-bud-spring-classic,,11080,2,,,,,
2005-bud-spring-classic,,11210,3,,,,,
2005-bud-spring-classic,,21377,4,,,,,
2005-bud-spring-classic,,681,5,,,,,
2005-bud-spring-classic,,21465,6,,,,,
2005-bud-spring-classic,,22275,7,,,,,
2005-bud-spring-classic,,16017,8,,,,,
2005-bud-spring-classic,,6821,9,,,,,
2005-bud-spring-classic,,19635,10,,,,,
2005-bud-spring-classic,,10910,11,,,,,
2005-bud-spring-classic,,15866,12,,,,,
2005-bud-spring-classic,,4194,13,,,,,
2005-bud-spring-classic,,20451,14,,,,,
2005-bud-spring-classic,,8526,15,,,,,
2005-bud-spring-classic,,181,16,,,,,
2005-bud-spring-classic,,11214,17,,,,,
2005-bud-spring-classic,,22651,18,,,,,
2005-bud-spring-classic,,19122,19,,,,,
2005-bud-spring-classic,,8314,20,,,,,
2005-bud-spring-classic,,22266,21,,,,,
2005-bud-spring-classic,,10389,22,,,,,
2005-bud-spring-classic,,13086,23,,,,,
2005-star-packaging-100,,8314,1,,,,,
2005-star-packaging-100,,17512,2,,,,,
2005-star-packaging-100,,11210,3,,,,,
2005-star-packaging-100,,14187,4,,,,,
2005-star-packaging-100,,2911,5,,,,,
2005-star-packaging-100,,14294,6,,,,,
2005-star-packaging-100,,4194,7,,,,,
2005-star-packaging-100,,13291,8,,,,,
2005-star-packaging-100,,22032,9,,,,,
2005-star-packaging-100,,21903,10,,,,,
2005-star-packaging-100,,15732,11,,,,,
2005-star-packaging-100,,3880,12,,,,,
2005-star-packaging-100,,181,13,,,,,
2005-star-packaging-100,,6821,14,,,,,
2005-star-packaging-100,,14530,15,,,,,
2005-star-packaging-100,,11096,16,,,,,
2005-star-packaging-100,,10667,17,,,,,
2005-star-packaging-100,,11926,18,,,,,
2005-star-packaging-100,,8526,19,,,,,
2005-star-packaging-100,,12161,20,,,,,
2005-star-packaging-100,,10508,21,,,,,
2005-star-packaging-100,,20451,22,,,,,
2005-star-packaging-100,,10628,23,,,,,
2005-memorial-100,,10910,1,,,,,
2005-memorial-100,,20139,2,,,,,
2005-memorial-100,,516,3,,,,,
2005-memorial-100,,6359,4,,,,,
2005-memorial-100,,21377,5,,,,,
2005-memorial-100,,15866,6,,,,,
2005-memorial-100,,8535,7,,,,,
2005-memorial-100,,6821,8,,,,,
2005-memorial-100,,3355,9,,,,,
2005-memorial-100,,4194,10,,,,,
2005-memorial-100,,22477,11,,,,,
2005-memorial-100,,17512,12,,,,,
2005-memorial-100,,11210,13,,,,,
2005-memorial-100,,15732,14,,,,,
2005-memorial-100,,14294,15,,,,,
2005-memorial-100,,10667,16,,,,,
2005-memorial-100,,3880,17,,,,,
2005-memorial-100,,20451,18,,,,,
2005-memorial-100,,21903,19,,,,,
2005-memorial-100,,null,20,,,,,
2005-memorial-100,,8381,21,,,,,
2005-memorial-100,,181,22,,,,,
2005-memorial-100,,2529,23,,,,,
2005-fmp-all-star-challenge,,11080,1,,,,,
2005-fmp-all-star-challenge,,19635,2,,,,,
2005-fmp-all-star-challenge,,17512,3,,,,,
2005-fmp-all-star-challenge,,11827,4,,,,,
2005-fmp-all-star-challenge,,3543,5,,,,,
2005-fmp-all-star-challenge,,16291,6,,,,,
2005-fmp-all-star-challenge,,21903,7,,,,,
2005-fmp-all-star-challenge,,16017,8,,,,,
2005-fmp-all-star-challenge,,21377,9,,,,,
2005-fmp-all-star-challenge,,11210,10,,,,,
2005-fmp-all-star-challenge,,10910,11,,,,,
2005-fmp-all-star-challenge,,15866,12,,,,,
2005-fmp-all-star-challenge,,16835,13,,,,,
2005-fmp-all-star-challenge,,8526,14,,,,,
2005-fmp-all-star-challenge,,20451,15,,,,,
2005-fmp-all-star-challenge,,10389,16,,,,,
2005-fmp-all-star-challenge,,181,17,,,,,
2005-fmp-all-star-challenge,,13983,18,,,,,
2005-fmp-all-star-challenge,,22275,19,,,,,
2005-fmp-all-star-challenge,,603,20,,,,,
2005-fmp-all-star-challenge,,12160,21,,,,,
2005-fmp-all-star-challenge,,18601,22,,,,,
2005-fmp-all-star-challenge,,22266,23,,,,,
2005-fmp-all-star-challenge,,2469,24,,,,,
2005-fmp-all-star-challenge,,15732,25,,,,,
2005-fmp-all-star-challenge,,3880,26,,,,,
2005-fmp-all-star-challenge,,15608,27,,,,,
2005-fmp-all-star-challenge,,21465,28,,,,,
2005-north-american-cup,,6821,1,,,,,
2005-north-american-cup,,17512,2,,,,,
2005-north-american-cup,,15866,3,,,,,
2005-north-american-cup,,13291,4,,,,,
2005-north-american-cup,,19086,5,,,,,
2005-north-american-cup,,20139,6,,,,,
2005-north-american-cup,,10667,7,,,,,
2005-north-american-cup,,20451,8,,,,,
2005-north-american-cup,,603,9,,,,,
2005-north-american-cup,,2511,10,,,,,
2005-north-american-cup,,181,11,,,,,
2005-north-american-cup,,23147,12,,,,,
2005-north-american-cup,,13983,13,,,,,
2005-north-american-cup,,14573,14,,,,,
2005-north-american-cup,,1662,15,,,,,
2005-north-american-cup,,7419,16,,,,,
2005-north-american-cup,,3880,17,,,,,
2005-north-american-cup,,21903,18,,,,,
2005-north-american-cup,,14294,19,,,,,
2005-north-american-cup,,11210,20,,,,,
2005-north-american-cup,,6384,21,,,,,
2005-north-american-cup,,10910,22,,,,,
2005-north-american-cup,,22698,23,,,,,
2005-thomas-electric-80,,17512,1,,,,,
2005-thomas-electric-80,,20451,2,,,,,
2005-thomas-electric-80,,8314,3,,,,,
2005-thomas-electric-80,,3880,4,,,,,
2005-thomas-electric-80,,10910,5,,,,,
2005-thomas-electric-80,,516,6,,,,,
2005-thomas-electric-80,,15732,7,,,,,
2005-thomas-electric-80,,20139,8,,,,,
2005-thomas-electric-80,,11210,9,,,,,
2005-thomas-electric-80,,10667,10,,,,,
2005-thomas-electric-80,,681,11,,,,,
2005-thomas-electric-80,,11214,12,,,,,
2005-thomas-electric-80,,181,13,,,,,
2005-thomas-electric-80,,4194,14,,,,,
2005-thomas-electric-80,,1662,15,,,,,
2005-thomas-electric-80,,8526,16,,,,,
2005-thomas-electric-80,,6821,17,,,,,
2005-thomas-electric-80,,7419,18,,,,,
2005-thomas-electric-80,,15866,19,,,,,
2005-thomas-electric-80,,13291,20,,,,,
2005-thomas-electric-80,,11096,21,,,,,
2005-thomas-electric-80,,null,22,,,,,
2005-thomas-electric-80,,9389,23,,,,,
2005-power-playground-100,,17512,1,,,,,
2005-power-playground-100,,15866,2,,,,,
2005-power-playground-100,,181,3,,,,,
2005-power-playground-100,,20139,4,,,,,
2005-power-playground-100,,10667,5,,,,,
2005-power-playground-100,,14294,6,,,,,
2005-power-playground-100,,20451,7,,,,,
2005-power-playground-100,,2665,8,,,,,
2005-power-playground-100,,13291,9,,,,,
2005-power-playground-100,,10910,10,,,,,
2005-power-playground-100,,11210,11,,,,,
2005-power-playground-100,,3355,12,,,,,
2005-power-playground-100,,516,13,,,,,
2005-power-playground-100,,8526,14,,,,,
2005-power-playground-100,,6821,15,,,,,
2005-power-playground-100,,14762,16,,,,,
2005-power-playground-100,,12161,17,,,,,
2005-power-playground-100,,11624,18,,,,,
2005-power-playground-100,,3880,19,,,,,
2005-power-playground-100,,4194,20,,,,,
2005-power-playground-100,,11096,21,,,,,
2005-power-playground-100,,21465,22,,,,,
2005-power-playground-100,,8535,23,,,,,
2005-championship-80,,8381,1,,,,,
2005-championship-80,,17512,2,,,,,
2005-championship-80,,11214,3,,,,,
2005-championship-80,,3880,4,,,,,
2005-championship-80,,15866,5,,,,,
2005-championship-80,,20451,6,,,,,
2005-championship-80,,10910,7,,,,,
2005-championship-80,,14294,8,,,,,
2005-championship-80,,1662,9,,,,,
2005-championship-80,,8526,10,,,,,
2005-championship-80,,10667,11,,,,,
2005-championship-80,,15732,12,,,,,
2005-championship-80,,1100,13,,,,,
2005-championship-80,,13291,14,,,,,
2005-championship-80,,22477,15,,,,,
2005-championship-80,,10389,16,,,,,
2005-championship-80,,11210,17,,,,,
2005-championship-80,,2511,18,,,,,
2005-championship-80,,7519,19,,,,,
2005-championship-80,,181,20,,,,,
2005-championship-80,,2808,21,,,,,
2005-championship-80,,21465,22,,,,,
2005-championship-80,,11096,23,,,,,
2006-spring-classic-presented-by-international-truck-and-yellow-book,,21594,1,,,,,
2006-spring-classic-presented-by-international-truck-and-yellow-book,,17512,2,,,,,
2006-spring-classic-presented-by-international-truck-and-yellow-book,,11210,3,,,,,
2006-spring-classic-presented-by-international-truck-and-yellow-book,,2911,4,,,,,
2006-spring-classic-presented-by-international-truck-and-yellow-book,,5843,5,,,,,
2006-spring-classic-presented-by-international-truck-and-yellow-book,,21377,6,,,,,
2006-spring-classic-presented-by-international-truck-and-yellow-book,,10910,7,,,,,
2006-spring-classic-presented-by-international-truck-and-yellow-book,,15866,8,,,,,
2006-spring-classic-presented-by-international-truck-and-yellow-book,,13291,9,,,,,
2006-spring-classic-presented-by-international-truck-and-yellow-book,,4194,10,,,,,
2006-spring-classic-presented-by-international-truck-and-yellow-book,,181,11,,,,,
2006-spring-classic-presented-by-international-truck-and-yellow-book,,5051,12,,,,,
2006-spring-classic-presented-by-international-truck-and-yellow-book,,19354,13,,,,,
2006-spring-classic-presented-by-international-truck-and-yellow-book,,11050,14,,,,,
2006-spring-classic-presented-by-international-truck-and-yellow-book,,10413,15,,,,,
2006-spring-classic-presented-by-international-truck-and-yellow-book,,603,16,,,,,
2006-spring-classic-presented-by-international-truck-and-yellow-book,,8526,17,,,,,
2006-spring-classic-presented-by-international-truck-and-yellow-book,,20139,18,,,,,
2006-spring-classic-presented-by-international-truck-and-yellow-book,,10667,19,,,,,
2006-spring-classic-presented-by-international-truck-and-yellow-book,,6821,20,,,,,
2006-spring-classic-presented-by-international-truck-and-yellow-book,,14294,21,,,,,
2006-spring-classic-presented-by-international-truck-and-yellow-book,,14187,22,,,,,
2006-spring-classic-presented-by-international-truck-and-yellow-book,,7419,23,,,,,
2006-spring-classic-presented-by-international-truck-and-yellow-book,,21465,24,,,,,
2006-miller-classic-100,,5843,1,,,,,
2006-miller-classic-100,,14294,2,,,,,
2006-miller-classic-100,,15866,3,,,,,
2006-miller-classic-100,,13618,4,,,,,
2006-miller-classic-100,,681,5,,,,,
2006-miller-classic-100,,21465,6,,,,,
2006-miller-classic-100,,21377,7,,,,,
2006-miller-classic-100,,8314,8,,,,,
2006-miller-classic-100,,20814,9,,,,,
2006-miller-classic-100,,10910,10,,,,,
2006-miller-classic-100,,22275,11,,,,,
2006-miller-classic-100,,13427,12,,,,,
2006-miller-classic-100,,10651,13,,,,,
2006-miller-classic-100,,11214,14,,,,,
2006-miller-classic-100,,13291,15,,,,,
2006-miller-classic-100,,10667,16,,,,,
2006-miller-classic-100,,3215,17,,,,,
2006-miller-classic-100,,8526,18,,,,,
2006-miller-classic-100,,23187,19,,,,,
2006-miller-classic-100,,181,20,,,,,
2006-miller-classic-100,,4194,21,,,,,
2006-miller-classic-100,,6359,22,,,,,
2006-miller-classic-100,,603,23,,,,,
2006-miller-classic-100,,21594,24,,,,,
2006-miller-classic-100,,17512,25,,,,,
2006-miller-classic-100,,2911,26,,,,,
2006-miller-classic-100,,11210,27,,,,,
2006-miller-classic-100,,5051,28,,,,,
2006-budweiser-wapl-spring-classic,,19635,1,,,,,
2006-budweiser-wapl-spring-classic,,10910,2,,,,,
2006-budweiser-wapl-spring-classic,,8526,3,,,,,
2006-budweiser-wapl-spring-classic,,21903,4,,,,,
2006-budweiser-wapl-spring-classic,,15608,5,,,,,
2006-budweiser-wapl-spring-classic,,3880,6,,,,,
2006-budweiser-wapl-spring-classic,,11827,7,,,,,
2006-budweiser-wapl-spring-classic,,681,8,,,,,
2006-budweiser-wapl-spring-classic,,10667,9,,,,,
2006-budweiser-wapl-spring-classic,,21953,10,,,,,
2006-budweiser-wapl-spring-classic,,21594,11,,,,,
2006-budweiser-wapl-spring-classic,,15866,12,,,,,
2006-budweiser-wapl-spring-classic,,11050,13,,,,,
2006-budweiser-wapl-spring-classic,,10389,14,,,,,
2006-budweiser-wapl-spring-classic,,17569,15,,,,,
2006-budweiser-wapl-spring-classic,,5843,16,,,,,
2006-budweiser-wapl-spring-classic,,14294,17,,,,,
2006-budweiser-wapl-spring-classic,,4194,18,,,,,
2006-budweiser-wapl-spring-classic,,21996,19,,,,,
2006-budweiser-wapl-spring-classic,,10155,20,,,,,
2006-budweiser-wapl-spring-classic,,22907,21,,,,,
2006-budweiser-wapl-spring-classic,,19464,22,,,,,
2006-budweiser-wapl-spring-classic,,22266,23,,,,,
2006-budweiser-wapl-spring-classic,,17512,24,,,,,
2006-budweiser-wapl-spring-classic,,1801,25,,,,,
2006-budweiser-wapl-spring-classic,,21377,26,,,,,
2006-budweiser-wapl-spring-classic,,1662,27,,,,,
2006-memorial-100,,14294,1,,,,,
2006-memorial-100,,2665,2,,,,,
2006-memorial-100,,17569,3,,,,,
2006-memorial-100,,181,4,,,,,
2006-memorial-100,,8381,5,,,,,
2006-memorial-100,,8526,6,,,,,
2006-memorial-100,,14187,7,,,,,
2006-memorial-100,,17512,8,,,,,
2006-memorial-100,,21465,9,,,,,
2006-memorial-100,,15866,10,,,,,
2006-memorial-100,,4194,11,,,,,
2006-memorial-100,,681,12,,,,,
2006-memorial-100,,6359,13,,,,,
2006-memorial-100,,10910,14,,,,,
2006-memorial-100,,3880,15,,,,,
2006-memorial-100,,7419,16,,,,,
2006-memorial-100,,8145,17,,,,,
2006-memorial-100,,8535,18,,,,,
2006-memorial-100,,10658,19,,,,,
2006-memorial-100,,20139,20,,,,,
2006-memorial-100,,10651,21,,,,,
2006-memorial-100,,3355,22,,,,,
2006-memorial-100,,22155,23,,,,,
2006-memorial-100,,22477,24,,,,,
2006-north-american-cup,,8526,1,,,,,
2006-north-american-cup,,14294,2,,,,,
2006-north-american-cup,,181,3,,,,,
2006-north-american-cup,,10910,4,,,,,
2006-north-american-cup,,14187,5,,,,,
2006-north-american-cup,,1662,6,,,,,
2006-north-american-cup,,22698,7,,,,,
2006-north-american-cup,,13291,8,,,,,
2006-north-american-cup,,7419,9,,,,,
2006-north-american-cup,,10667,10,,,,,
2006-north-american-cup,,22907,11,,,,,
2006-north-american-cup,,8381,12,,,,,
2006-north-american-cup,,17512,13,,,,,
2006-north-american-cup,,18245,14,,,,,
2006-north-american-cup,,10155,15,,,,,
2006-north-american-cup,,681,16,,,,,
2006-north-american-cup,,2665,17,,,,,
2006-north-american-cup,,4194,18,,,,,
2006-north-american-cup,,8243,19,,,,,
2006-north-american-cup,,11092,20,,,,,
2006-north-american-cup,,22477,21,,,,,
2006-north-american-cup,,15866,22,,,,,
2006-north-american-cup,,20139,23,,,,,
2006-north-american-cup,,11765,24,,,,,
2006-earth-inc-v-and-h-heavy-truck-mansfield-80,,17512,1,,,,,
2006-earth-inc-v-and-h-heavy-truck-mansfield-80,,15866,2,,,,,
2006-earth-inc-v-and-h-heavy-truck-mansfield-80,,14294,3,,,,,
2006-earth-inc-v-and-h-heavy-truck-mansfield-80,,181,4,,,,,
2006-earth-inc-v-and-h-heavy-truck-mansfield-80,,1662,5,,,,,
2006-earth-inc-v-and-h-heavy-truck-mansfield-80,,23187,6,,,,,
2006-earth-inc-v-and-h-heavy-truck-mansfield-80,,8526,7,,,,,
2006-earth-inc-v-and-h-heavy-truck-mansfield-80,,10667,8,,,,,
2006-earth-inc-v-and-h-heavy-truck-mansfield-80,,11210,9,,,,,
2006-earth-inc-v-and-h-heavy-truck-mansfield-80,,681,10,,,,,
2006-earth-inc-v-and-h-heavy-truck-mansfield-80,,17569,11,,,,,
2006-earth-inc-v-and-h-heavy-truck-mansfield-80,,4194,12,,,,,
2006-earth-inc-v-and-h-heavy-truck-mansfield-80,,10910,13,,,,,
2006-earth-inc-v-and-h-heavy-truck-mansfield-80,,5843,14,,,,,
2006-earth-inc-v-and-h-heavy-truck-mansfield-80,,10155,15,,,,,
2006-earth-inc-v-and-h-heavy-truck-mansfield-80,,18245,16,,,,,
2006-earth-inc-v-and-h-heavy-truck-mansfield-80,,17639,17,,,,,
2006-earth-inc-v-and-h-heavy-truck-mansfield-80,,2665,18,,,,,
2006-earth-inc-v-and-h-heavy-truck-mansfield-80,,22155,19,,,,,
2006-earth-inc-v-and-h-heavy-truck-mansfield-80,,1100,20,,,,,
2006-earth-inc-v-and-h-heavy-truck-mansfield-80,,8381,21,,,,,
2006-earth-inc-v-and-h-heavy-truck-mansfield-80,,3880,22,,,,,
2006-earth-inc-v-and-h-heavy-truck-mansfield-80,,6359,23,,,,,
2006-earth-inc-v-and-h-heavy-truck-mansfield-80,,8715,24,,,,,
2006-power-playground-100,,17512,1,,,,,
2006-power-playground-100,,14294,2,,,,,
2006-power-playground-100,,15866,3,,,,,
2006-power-playground-100,,14187,4,,,,,
2006-power-playground-100,,8535,5,,,,,
2006-power-playground-100,,21465,6,,,,,
2006-power-playground-100,,13291,7,,,,,
2006-power-playground-100,,5843,8,,,,,
2006-power-playground-100,,6359,9,,,,,
2006-power-playground-100,,10910,10,,,,,
2006-power-playground-100,,22477,11,,,,,
2006-power-playground-100,,17569,12,,,,,
2006-power-playground-100,,3355,13,,,,,
2006-power-playground-100,,181,14,,,,,
2006-power-playground-100,,13890,15,,,,,
2006-power-playground-100,,20139,16,,,,,
2006-power-playground-100,,10667,17,,,,,
2006-power-playground-100,,6590,18,,,,,
2006-power-playground-100,,7419,19,,,,,
2006-power-playground-100,,8526,20,,,,,
2006-power-playground-100,,11210,21,,,,,
2006-power-playground-100,,2665,22,,,,,
2006-power-playground-100,,14762,23,,,,,
2006-power-playground-100,,8381,24,,,,,
2006-blue-race-overall,,17512,1,,,,,
2006-blue-race-overall,,22266,2,,,,,
2006-blue-race-overall,,19635,3,,,,,
2006-blue-race-overall,,16835,4,,,,,
2006-blue-race-overall,,11210,5,,,,,
2006-blue-race-overall,,11080,6,,,,,
2006-blue-race-overall,,15608,7,,,,,
2006-blue-race-overall,,13086,8,,,,,
2006-blue-race-overall,,681,9,,,,,
2006-blue-race-overall,,21903,10,,,,,
2006-blue-race-overall,,15866,11,,,,,
2006-blue-race-overall,,5843,12,,,,,
2006-blue-race-overall,,6590,13,,,,,
2006-blue-race-overall,,17569,14,,,,,
2006-blue-race-overall,,11827,15,,,,,
2006-blue-race-overall,,8526,16,,,,,
2006-blue-race-overall,,1801,17,,,,,
2006-blue-race-overall,,17491,18,,,,,
2006-blue-race-overall,,10910,19,,,,,
2006-blue-race-overall,,14294,20,,,,,
2006-blue-race-overall,,10155,21,,,,,
2006-blue-race-overall,,17639,22,,,,,
2006-blue-race-overall,,10389,23,,,,,
2006-blue-race-overall,,16017,24,,,,,
2006-governors-cup-50,,17512,1,,,,,
2006-governors-cup-50,,23187,2,,,,,
2006-governors-cup-50,,11050,3,,,,,
2006-governors-cup-50,,14294,4,,,,,
2006-governors-cup-50,,22477,5,,,,,
2006-governors-cup-50,,3880,6,,,,,
2006-governors-cup-50,,21377,7,,,,,
2006-governors-cup-50,,22275,8,,,,,
2006-governors-cup-50,,10910,9,,,,,
2006-governors-cup-50,,8381,10,,,,,
2006-governors-cup-50,,22266,11,,,,,
2006-governors-cup-50,,11214,12,,,,,
2006-governors-cup-50,,10248,13,,,,,
2006-governors-cup-50,,13524,14,,,,,
2006-governors-cup-50,,14722,15,,,,,
2006-governors-cup-50,,13291,16,,,,,
2006-governors-cup-50,,8526,17,,,,,
2006-governors-cup-50,,10667,18,,,,,
2006-governors-cup-50,,681,19,,,,,
2006-governors-cup-50,,4194,20,,,,,
2006-governors-cup-50,,5843,21,,,,,
2006-governors-cup-50,,15866,22,,,,,
2006-governors-cup-50,,20248,23,,,,,
2006-governors-cup-50,,1662,24,,,,,
2006-governors-cup-50,,11210,25,,,,,
2006-governors-cup-50,,20814,26,,,,,
2006-governors-cup-50,,6359,27,,,,,
2006-governors-cup-50,,14245,28,,,,,
2006-governors-cup-50,,2911,29,,,,,
2006-governors-cup-50,,181,30,,,,,
2006-governors-cup-50,,8079,31,,,,,
2006-governors-cup-50,,6821,32,,,,,
2006-bryden-motors-100,,21377,1,,,,,
2006-bryden-motors-100,,11210,2,,,,,
2006-bryden-motors-100,,8526,3,,,,,
2006-bryden-motors-100,,603,4,,,,,
2006-bryden-motors-100,,21465,5,,,,,
2006-bryden-motors-100,,11214,6,,,,,
2006-bryden-motors-100,,181,7,,,,,
2006-bryden-motors-100,,6590,8,,,,,
2006-bryden-motors-100,,6359,9,,,,,
2006-bryden-motors-100,,10910,10,,,,,
2006-bryden-motors-100,,10155,11,,,,,
2006-bryden-motors-100,,2911,12,,,,,
2006-bryden-motors-100,,11050,13,,,,,
2006-bryden-motors-100,,1662,14,,,,,
2006-bryden-motors-100,,17512,15,,,,,
2006-bryden-motors-100,,5843,16,,,,,
2006-bryden-motors-100,,14722,17,,,,,
2006-bryden-motors-100,,3215,18,,,,,
2006-bryden-motors-100,,681,19,,,,,
2006-bryden-motors-100,,14294,20,,,,,
2006-bryden-motors-100,,21594,21,,,,,
2006-bryden-motors-100,,8381,22,,,,,
2006-bryden-motors-100,,22907,23,,,,,
2006-bryden-motors-100,,2839,24,,,,,
2006-wcs-championship-80,,17569,1,,,,,
2006-wcs-championship-80,,3880,2,,,,,
2006-wcs-championship-80,,15866,3,,,,,
2006-wcs-championship-80,,21465,4,,,,,
2006-wcs-championship-80,,8381,5,,,,,
2006-wcs-championship-80,,10667,6,,,,,
2006-wcs-championship-80,,21377,7,,,,,
2006-wcs-championship-80,,1662,8,,,,,
2006-wcs-championship-80,,4194,9,,,,,
2006-wcs-championship-80,,17512,10,,,,,
2006-wcs-championship-80,,11210,11,,,,,
2006-wcs-championship-80,,181,12,,,,,
2006-wcs-championship-80,,14294,13,,,,,
2006-wcs-championship-80,,8526,14,,,,,
2006-wcs-championship-80,,681,15,,,,,
2006-wcs-championship-80,,10910,16,,,,,
2006-wcs-championship-80,,6590,17,,,,,
2006-wcs-championship-80,,10155,18,,,,,
2006-wcs-championship-80,,15732,19,,,,,
2006-wcs-championship-80,,6359,20,,,,,
2006-wcs-championship-80,,23147,21,,,,,
2006-wcs-championship-80,,13291,22,,,,,
2006-wcs-championship-80,,2665,23,,,,,
2006-wcs-championship-80,,22155,24,,,,,
2007-spring-classic,,21594,1,,,,,
2007-spring-classic,,15866,2,,,,,
2007-spring-classic,,14294,3,,,,,
2007-spring-classic,,13291,4,,,,,
2007-spring-classic,,603,5,,,,,
2007-spring-classic,,17512,6,,,,,
2007-spring-classic,,7048,7,,,,,
2007-spring-classic,,681,8,,,,,
2007-spring-classic,,8098,9,,,,,
2007-spring-classic,,22266,10,,,,,
2007-spring-classic,,11092,11,,,,,
2007-spring-classic,,16295,12,,,,,
2007-spring-classic,,6821,13,,,,,
2007-spring-classic,,23035,14,,,,,
2007-spring-classic,,19354,15,,,,,
2007-spring-classic,,10667,16,,,,,
2007-spring-classic,,2665,17,,,,,
2007-spring-classic,,17639,18,,,,,
2007-pepsi-100,,17512,1,,,,,
2007-pepsi-100,,3794,2,,,,,
2007-pepsi-100,,14722,3,,,,,
2007-pepsi-100,,15866,4,,,,,
2007-pepsi-100,,2911,5,,,,,
2007-pepsi-100,,603,6,,,,,
2007-pepsi-100,,2370,7,,,,,
2007-pepsi-100,,681,8,,,,,
2007-pepsi-100,,14294,9,,,,,
2007-pepsi-100,,8526,10,,,,,
2007-pepsi-100,,23187,11,,,,,
2007-pepsi-100,,22266,12,,,,,
2007-pepsi-100,,2611,13,,,,,
2007-pepsi-100,,11210,14,,,,,
2007-pepsi-100,,7419,15,,,,,
2007-pepsi-100,,13277,16,,,,,
2007-pepsi-100,,10151,17,,,,,
2007-pepsi-100,,5843,18,,,,,
2007-pepsi-100,,10667,19,,,,,
2007-pepsi-100,,13291,20,,,,,
2007-pepsi-100,,10155,21,,,,,
2007-pepsi-100,,21377,22,,,,,
2007-pepsi-100,,22907,23,,,,,
2007-pepsi-100,,7048,24,,,,,
wcs-2007-03,,17512,1,,,,,
wcs-2007-03,,14187,2,,,,,
wcs-2007-03,,5843,3,,,,,
wcs-2007-03,,14294,4,,,,,
wcs-2007-03,,8526,5,,,,,
wcs-2007-03,,14722,6,,,,,
wcs-2007-03,,603,7,,,,,
wcs-2007-03,,16295,8,,,,,
wcs-2007-03,,7419,9,,,,,
wcs-2007-03,,22266,10,,,,,
wcs-2007-03,,681,11,,,,,
wcs-2007-03,,18245,12,,,,,
wcs-2007-03,,9503,13,,,,,
wcs-2007-03,,14762,14,,,,,
wcs-2007-03,,16858,15,,,,,
wcs-2007-03,,2665,16,,,,,
wcs-2007-03,,10543,17,,,,,
wcs-2007-03,,10155,18,,,,,
wcs-2007-03,,8381,19,,,,,
wcs-2007-03,,15866,20,,,,,
wcs-2007-03,,22477,21,,,,,
wcs-2007-03,,21996,22,,,,,
wcs-2007-03,,13291,23,,,,,
2007-memorial-100,,11210,1,,,,,
2007-memorial-100,,653,2,,,,,
2007-memorial-100,,21465,3,,,,,
2007-memorial-100,,14294,4,,,,,
2007-memorial-100,,8381,5,,,,,
2007-memorial-100,,17512,6,,,,,
2007-memorial-100,,1662,7,,,,,
2007-memorial-100,,8535,8,,,,,
2007-memorial-100,,15866,9,,,,,
2007-memorial-100,,681,10,,,,,
2007-memorial-100,,8526,11,,,,,
2007-memorial-100,,17569,12,,,,,
2007-memorial-100,,10155,13,,,,,
2007-memorial-100,,22266,14,,,,,
2007-memorial-100,,7419,15,,,,,
2007-memorial-100,,9503,16,,,,,
2007-memorial-100,,15732,17,,,,,
2007-memorial-100,,2665,18,,,,,
2007-memorial-100,,7048,19,,,,,
2007-memorial-100,,22155,20,,,,,
2007-memorial-100,,10667,21,,,,,
2007-memorial-100,,14722,22,,,,,
2007-memorial-100,,14187,23,,,,,
2007-memorial-100,,603,24,,,,,
2007-red-race-no-1,,16835,1,,,,,
2007-red-race-no-1,,22266,2,,,,,
2007-red-race-no-1,,13524,3,,,,,
2007-red-race-no-1,,16017,4,,,,,
2007-red-race-no-1,,681,5,,,,,
2007-red-race-no-1,,17512,6,,,,,
2007-red-race-no-1,,8381,7,,,,,
2007-red-race-no-1,,21903,8,,,,,
2007-red-race-no-1,,9537,9,,,,,
2007-red-race-no-1,,11827,10,,,,,
2007-red-race-no-1,,17491,11,,,,,
2007-red-race-no-1,,14722,12,,,,,
2007-red-race-no-1,,15866,13,,,,,
2007-red-race-no-1,,11080,14,,,,,
2007-red-race-no-1,,603,15,,,,,
2007-red-race-no-1,,10155,16,,,,,
2007-red-race-no-1,,14294,17,,,,,
2007-red-race-no-1,,15608,18,,,,,
2007-red-race-no-1,,19464,19,,,,,
2007-red-race-no-1,,8535,20,,,,,
2007-red-race-no-1,,18287,21,,,,,
2007-red-race-no-1,,13086,22,,,,,
2007-red-race-no-1,,7048,23,,,,,
2007-red-race-no-1,,11210,24,,,,,
2007-red-race-no-2,,9537,1,,,,,
2007-red-race-no-2,,17512,2,,,,,
2007-red-race-no-2,,16835,3,,,,,
2007-red-race-no-2,,15866,4,,,,,
2007-red-race-no-2,,22266,5,,,,,
2007-red-race-no-2,,681,6,,,,,
2007-red-race-no-2,,14722,7,,,,,
2007-red-race-no-2,,8381,8,,,,,
2007-red-race-no-2,,11080,9,,,,,
2007-red-race-no-2,,14294,10,,,,,
2007-red-race-no-2,,603,11,,,,,
2007-red-race-no-2,,16017,12,,,,,
2007-red-race-no-2,,10155,13,,,,,
2007-red-race-no-2,,13524,14,,,,,
2007-red-race-no-2,,8535,15,,,,,
2007-red-race-no-2,,11827,16,,,,,
2007-red-race-no-2,,13086,17,,,,,
2007-red-race-no-2,,18287,18,,,,,
2007-red-race-no-2,,19464,19,,,,,
2007-red-race-no-2,,17491,20,,,,,
2007-red-race-no-2,,7048,21,,,,,
2007-red-race-no-2,,15608,22,,,,,
2007-red-race-no-2,,21903,23,,,,,
2007-red-race-no-2,,11210,24,,,,,
2007-north-american-cup,,22266,1,,,,,
2007-north-american-cup,,603,2,,,,,
2007-north-american-cup,,681,3,,,,,
2007-north-american-cup,,14187,4,,,,,
2007-north-american-cup,,14294,5,,,,,
2007-north-american-cup,,10667,6,,,,,
2007-north-american-cup,,10910,7,,,,,
2007-north-american-cup,,22698,8,,,,,
2007-north-american-cup,,15866,9,,,,,
2007-north-american-cup,,10155,10,,,,,
2007-north-american-cup,,8526,11,,,,,
2007-north-american-cup,,8381,12,,,,,
2007-north-american-cup,,16858,13,,,,,
2007-north-american-cup,,2665,14,,,,,
2007-north-american-cup,,7048,15,,,,,
2007-north-american-cup,,18245,16,,,,,
2007-north-american-cup,,686,17,,,,,
2007-north-american-cup,,14722,18,,,,,
2007-north-american-cup,,7419,19,,,,,
2007-north-american-cup,,17512,20,,,,,
2007-north-american-cup,,14508,21,,,,,
2007-v-and-h-heavy-truck-80,,14294,1,,,,,
2007-v-and-h-heavy-truck-80,,8381,2,,,,,
2007-v-and-h-heavy-truck-80,,8526,3,,,,,
2007-v-and-h-heavy-truck-80,,17512,4,,,,,
2007-v-and-h-heavy-truck-80,,8715,5,,,,,
2007-v-and-h-heavy-truck-80,,15866,6,,,,,
2007-v-and-h-heavy-truck-80,,4194,7,,,,,
2007-v-and-h-heavy-truck-80,,17569,8,,,,,
2007-v-and-h-heavy-truck-80,,1662,9,,,,,
2007-v-and-h-heavy-truck-80,,13890,10,,,,,
2007-v-and-h-heavy-truck-80,,11210,11,,,,,
2007-v-and-h-heavy-truck-80,,1100,12,,,,,
2007-v-and-h-heavy-truck-80,,10667,13,,,,,
2007-v-and-h-heavy-truck-80,,681,14,,,,,
2007-v-and-h-heavy-truck-80,,22266,15,,,,,
2007-v-and-h-heavy-truck-80,,14722,16,,,,,
2007-v-and-h-heavy-truck-80,,21903,17,,,,,
2007-v-and-h-heavy-truck-80,,2665,18,,,,,
2007-v-and-h-heavy-truck-80,,133,19,,,,,
2007-v-and-h-heavy-truck-80,,23815,20,,,,,
2007-v-and-h-heavy-truck-80,,7419,21,,,,,
2007-v-and-h-heavy-truck-80,,22155,22,,,,,
2007-v-and-h-heavy-truck-80,,7048,23,,,,,
2007-v-and-h-heavy-truck-80,,3472,24,,,,,
2007-v-and-h-heavy-truck-80,,3355,25,,,,,
2007-v-and-h-heavy-truck-80,,23187,26,,,,,
2007-v-and-h-heavy-truck-80,,null,27,,,,,
2007-v-and-h-heavy-truck-80,,22477,28,,,,,
2007-mccain-food-sands-100,,21465,1,,,,,
2007-mccain-food-sands-100,,14294,2,,,,,
2007-mccain-food-sands-100,,15866,3,,,,,
2007-mccain-food-sands-100,,11210,4,,,,,
2007-mccain-food-sands-100,,13890,5,,,,,
2007-mccain-food-sands-100,,17512,6,,,,,
2007-mccain-food-sands-100,,14187,7,,,,,
2007-mccain-food-sands-100,,13524,8,,,,,
2007-mccain-food-sands-100,,22266,9,,,,,
2007-mccain-food-sands-100,,10667,10,,,,,
2007-mccain-food-sands-100,,17569,11,,,,,
2007-mccain-food-sands-100,,8535,12,,,,,
2007-mccain-food-sands-100,,2665,13,,,,,
2007-mccain-food-sands-100,,15732,14,,,,,
2007-mccain-food-sands-100,,14722,15,,,,,
2007-mccain-food-sands-100,,7048,16,,,,,
2007-mccain-food-sands-100,,681,17,,,,,
2007-mccain-food-sands-100,,3355,18,,,,,
2007-mccain-food-sands-100,,1662,19,,,,,
2007-mccain-food-sands-100,,15955,20,,,,,
2007-mccain-food-sands-100,,12529,21,,,,,
2007-mccain-food-sands-100,,8381,22,,,,,
2007-mccain-food-sands-100,,23815,23,,,,,
2007-tribute-to-america-100,,681,1,,,,,
2007-tribute-to-america-100,,603,2,,,,,
2007-tribute-to-america-100,,8526,3,,,,,
2007-tribute-to-america-100,,17512,4,,,,,
2007-tribute-to-america-100,,15866,5,,,,,
2007-tribute-to-america-100,,17639,6,,,,,
2007-tribute-to-america-100,,14294,7,,,,,
2007-tribute-to-america-100,,14722,8,,,,,
2007-tribute-to-america-100,,22266,9,,,,,
2007-tribute-to-america-100,,2370,10,,,,,
2007-tribute-to-america-100,,20814,11,,,,,
2007-tribute-to-america-100,,7048,12,,,,,
2007-tribute-to-america-100,,14762,13,,,,,
2007-tribute-to-america-100,,20593,14,,,,,
2007-tribute-to-america-100,,21594,15,,,,,
2007-tribute-to-america-100,,18287,16,,,,,
2007-tribute-to-america-100,,8535,17,,,,,
2007-tribute-to-america-100,,10155,18,,,,,
2007-tribute-to-america-100,,2665,19,,,,,
2007-tribute-to-america-100,,8381,20,,,,,
2007-tribute-to-america-100,,10543,21,,,,,
2007-tribute-to-america-100,,14530,22,,,,,
2007-tribute-to-america-100,,10667,23,,,,,
2007-championship-80,,15866,1,,,,,
2007-championship-80,,603,2,,,,,
2007-championship-80,,21465,3,,,,,
2007-championship-80,,8381,4,,,,,
2007-championship-80,,11210,5,,,,,
2007-championship-80,,17512,6,,,,,
2007-championship-80,,11654,7,,,,,
2007-championship-80,,681,8,,,,,
2007-championship-80,,4200,9,,,,,
2007-championship-80,,10746,10,,,,,
2007-championship-80,,14722,11,,,,,
2007-championship-80,,8526,12,,,,,
2007-championship-80,,11080,13,,,,,
2007-championship-80,,7048,14,,,,,
2007-championship-80,,10667,15,,,,,
2007-championship-80,,1100,16,,,,,
2007-championship-80,,11238,17,,,,,
2007-championship-80,,14294,18,,,,,
2007-championship-80,,22266,19,,,,,
2007-championship-80,,22155,20,,,,,
2007-championship-80,,6384,21,,,,,
2007-championship-80,,18245,22,,,,,
2007-championship-80,,3472,23,,,,,
2007-championship-80,,2665,24,,,,,
2008-memorial-100,,4194,1,,,,,
2008-memorial-100,,15866,2,,,,,
2008-memorial-100,,21465,3,,,,,
2008-memorial-100,,603,4,,,,,
2008-memorial-100,,11210,5,,,,,
2008-memorial-100,,17512,6,,,,,
2008-memorial-100,,14294,7,,,,,
2008-memorial-100,,10667,8,,,,,
2008-memorial-100,,7419,9,,,,,
2008-memorial-100,,8381,10,,,,,
2008-memorial-100,,20139,11,,,,,
2008-memorial-100,,7048,12,,,,,
2008-memorial-100,,13890,13,,,,,
2008-memorial-100,,15732,14,,,,,
2008-memorial-100,,21204,15,,,,,
2008-memorial-100,,681,16,,,,,
2008-memorial-100,,13491,17,,,,,
2008-memorial-100,,14187,18,,,,,
2008-memorial-100,,17407,19,,,,,
2008-memorial-100,,22266,20,,,,,
2008-memorial-100,,2665,21,,,,,
2008-memorial-100,,22155,22,,,,,
2008-memorial-100,,13524,23,,,,,
2008-red-race,,11080,1,,,,,
2008-red-race,,9537,2,,,,,
2008-red-race,,15866,3,,,,,
2008-red-race,,13086,4,,,,,
2008-red-race,,14722,5,,,,,
2008-red-race,,22266,6,,,,,
2008-red-race,,681,7,,,,,
2008-red-race,,603,8,,,,,
2008-red-race,,10667,9,,,,,
2008-red-race,,9945,10,,,,,
2008-red-race,,2787,11,,,,,
2008-red-race,,16017,12,,,,,
2008-red-race,,16471,13,,,,,
2008-red-race,,13951,14,,,,,
2008-red-race,,21465,15,,,,,
2008-red-race,,4194,16,,,,,
2008-red-race,,17491,17,,,,,
2008-red-race,,10658,18,,,,,
2008-red-race,,7048,19,,,,,
2008-red-race,,2611,20,,,,,
2008-red-race,,8381,21,,,,,
2008-red-race,,16835,22,,,,,
2008-red-race,,15608,23,,,,,
2008-red-race,,21903,24,,,,,
2008-north-american-cup,,21465,1,,,,,
2008-north-american-cup,,4194,2,,,,,
2008-north-american-cup,,15866,3,,,,,
2008-north-american-cup,,14187,4,,,,,
2008-north-american-cup,,10910,5,,,,,
2008-north-american-cup,,8381,6,,,,,
2008-north-american-cup,,10667,7,,,,,
2008-north-american-cup,,16858,8,,,,,
2008-north-american-cup,,14294,9,,,,,
2008-north-american-cup,,5320,10,,,,,
2008-north-american-cup,,22013,11,,,,,
2008-north-american-cup,,7419,12,,,,,
2008-north-american-cup,,22266,13,,,,,
2008-north-american-cup,,8535,14,,,,,
2008-north-american-cup,,11765,15,,,,,
2008-north-american-cup,,22698,16,,,,,
2008-north-american-cup,,21996,17,,,,,
2008-north-american-cup,,7048,18,,,,,
2008-north-american-cup,,20139,19,,,,,
2008-north-american-cup,,21204,20,,,,,
2008-north-american-cup,,null,21,,,,,
2008-north-american-cup,,11210,22,,,,,
2008-north-american-cup,,11096,23,,,,,
2008-white-race,,22266,1,,,,,
2008-white-race,,21465,2,,,,,
2008-white-race,,11080,3,,,,,
2008-white-race,,15608,4,,,,,
2008-white-race,,15866,5,,,,,
2008-white-race,,17491,6,,,,,
2008-white-race,,9537,7,,,,,
2008-white-race,,13086,8,,,,,
2008-white-race,,8381,9,,,,,
2008-white-race,,681,10,,,,,
2008-white-race,,7561,11,,,,,
2008-white-race,,10667,12,,,,,
2008-white-race,,18287,13,,,,,
2008-white-race,,16471,14,,,,,
2008-white-race,,16017,15,,,,,
2008-white-race,,7048,16,,,,,
2008-white-race,,21903,17,,,,,
2008-white-race,,4194,18,,,,,
2008-white-race,,8535,19,,,,,
2008-white-race,,9945,20,,,,,
2008-white-race,,22013,21,,,,,
2008-white-race,,2787,22,,,,,
2008-white-race,,19464,23,,,,,
2008-white-race,,10658,24,,,,,
2008-white-race,,2529,25,,,,,
2008-white-race,,4048,26,,,,,
2008-white-race,,21204,27,,,,,
2008-white-race,,23746,28,,,,,
2008-larry-detjens-memorial,,8381,1,,,,,
2008-larry-detjens-memorial,,14294,2,,,,,
2008-larry-detjens-memorial,,10667,3,,,,,
2008-larry-detjens-memorial,,21465,4,,,,,
2008-larry-detjens-memorial,,22013,5,,,,,
2008-larry-detjens-memorial,,11210,6,,,,,
2008-larry-detjens-memorial,,4200,7,,,,,
2008-larry-detjens-memorial,,15866,8,,,,,
2008-larry-detjens-memorial,,22266,9,,,,,
2008-larry-detjens-memorial,,8535,10,,,,,
2008-larry-detjens-memorial,,13890,11,,,,,
2008-larry-detjens-memorial,,21204,12,,,,,
2008-larry-detjens-memorial,,4194,13,,,,,
2008-larry-detjens-memorial,,15732,14,,,,,
2008-larry-detjens-memorial,,13491,15,,,,,
2008-larry-detjens-memorial,,7048,16,,,,,
2008-larry-detjens-memorial,,681,17,,,,,
2008-larry-detjens-memorial,,23746,18,,,,,
2008-larry-detjens-memorial,,2529,19,,,,,
2008-larry-detjens-memorial,,15955,20,,,,,
2008-larry-detjens-memorial,,2665,21,,,,,
2008-larry-detjens-memorial,,11096,22,,,,,
2008-larry-detjens-memorial,,14187,23,,,,,
2008-larry-detjens-memorial,,27,24,,,,,
2008-waxx-104-5-budweiser-80,,11210,1,,,,,
2008-waxx-104-5-budweiser-80,,21465,2,,,,,
2008-waxx-104-5-budweiser-80,,10667,3,,,,,
2008-waxx-104-5-budweiser-80,,14187,4,,,,,
2008-waxx-104-5-budweiser-80,,17569,5,,,,,
2008-waxx-104-5-budweiser-80,,22266,6,,,,,
2008-waxx-104-5-budweiser-80,,15866,7,,,,,
2008-waxx-104-5-budweiser-80,,6384,8,,,,,
2008-waxx-104-5-budweiser-80,,8526,9,,,,,
2008-waxx-104-5-budweiser-80,,4194,10,,,,,
2008-waxx-104-5-budweiser-80,,14294,11,,,,,
2008-waxx-104-5-budweiser-80,,21204,12,,,,,
2008-waxx-104-5-budweiser-80,,13890,13,,,,,
2008-waxx-104-5-budweiser-80,,15955,14,,,,,
2008-waxx-104-5-budweiser-80,,22155,15,,,,,
2008-waxx-104-5-budweiser-80,,7048,16,,,,,
2008-waxx-104-5-budweiser-80,,13491,17,,,,,
2008-waxx-104-5-budweiser-80,,8381,18,,,,,
2008-waxx-104-5-budweiser-80,,681,19,,,,,
2008-waxx-104-5-budweiser-80,,8535,20,,,,,
2008-waxx-104-5-budweiser-80,,22013,21,,,,,
2008-waxx-104-5-budweiser-80,,6728,22,,,,,
2009-memorial-100-wcs,,15866,1,,,,,
2009-memorial-100-wcs,,4194,2,,,,,
2009-memorial-100-wcs,,8381,3,,,,,
2009-memorial-100-wcs,,14187,4,,,,,
2009-memorial-100-wcs,,15955,5,,,,,
2009-memorial-100-wcs,,21204,6,,,,,
2009-memorial-100-wcs,,11210,7,,,,,
2009-memorial-100-wcs,,13890,8,,,,,
2009-memorial-100-wcs,,10667,9,,,,,
2009-memorial-100-wcs,,22155,10,,,,,
2009-memorial-100-wcs,,8535,11,,,,,
2009-memorial-100-wcs,,13491,12,,,,,
2009-memorial-100-wcs,,2665,13,,,,,
2009-memorial-100-wcs,,7048,14,,,,,
2009-memorial-100-wcs,,8145,15,,,,,
2009-memorial-100-wcs,,21465,16,,,,,
2009-memorial-100-wcs,,3775,17,,,,,
2009-memorial-100-wcs,,22266,18,,,,,
2009-memorial-100-wcs,,11096,19,,,,,
2009-memorial-100-wcs,,15732,20,,,,,
2009-memorial-100-wcs,,20139,21,,,,,
2009-memorial-100-wcs,,14294,22,,,,,
2009-memorial-100-wcs,,6728,23,,,,,
2009-nasonville-dairy-webers-farm-store-80,,21465,1,,,,,
2009-nasonville-dairy-webers-farm-store-80,,22275,2,,,,,
2009-nasonville-dairy-webers-farm-store-80,,15866,3,,,,,
2009-nasonville-dairy-webers-farm-store-80,,8381,4,,,,,
2009-nasonville-dairy-webers-farm-store-80,,22273,5,,,,,
2009-nasonville-dairy-webers-farm-store-80,,4194,6,,,,,
2009-nasonville-dairy-webers-farm-store-80,,1662,7,,,,,
2009-nasonville-dairy-webers-farm-store-80,,7048,8,,,,,
2009-nasonville-dairy-webers-farm-store-80,,3775,9,,,,,
2009-nasonville-dairy-webers-farm-store-80,,8535,10,,,,,
2009-nasonville-dairy-webers-farm-store-80,,6728,11,,,,,
2009-nasonville-dairy-webers-farm-store-80,,10667,12,,,,,
2009-nasonville-dairy-webers-farm-store-80,,21204,13,,,,,
2009-nasonville-dairy-webers-farm-store-80,,2665,14,,,,,
2009-nasonville-dairy-webers-farm-store-80,,20139,15,,,,,
2009-nasonville-dairy-webers-farm-store-80,,11210,16,,,,,
2009-nasonville-dairy-webers-farm-store-80,,11827,17,,,,,
2009-nasonville-dairy-webers-farm-store-80,,null,18,,,,,
2009-nasonville-dairy-webers-farm-store-80,,22155,19,,,,,
2009-nasonville-dairy-webers-farm-store-80,,15955,20,,,,,
2009-nasonville-dairy-webers-farm-store-80,,null,21,,,,,
2009-nasonville-dairy-webers-farm-store-80,,14294,22,,,,,
2009-nasonville-dairy-webers-farm-store-80,,23147,23,,,,,
2009-nasonville-dairy-webers-farm-store-80,,6384,24,,,,,
2009-nasonville-dairy-webers-farm-store-80,,11096,25,,,,,
2009-north-american-cup-sponsored-by-3d-construction-and-great-lakes-components,,4194,1,,,,,
2009-north-american-cup-sponsored-by-3d-construction-and-great-lakes-components,,15866,2,,,,,
2009-north-american-cup-sponsored-by-3d-construction-and-great-lakes-components,,22273,3,,,,,
2009-north-american-cup-sponsored-by-3d-construction-and-great-lakes-components,,21465,4,,,,,
2009-north-american-cup-sponsored-by-3d-construction-and-great-lakes-components,,14294,5,,,,,
2009-north-american-cup-sponsored-by-3d-construction-and-great-lakes-components,,603,6,,,,,
2009-north-american-cup-sponsored-by-3d-construction-and-great-lakes-components,,8381,7,,,,,
2009-north-american-cup-sponsored-by-3d-construction-and-great-lakes-components,,13342,8,,,,,
2009-north-american-cup-sponsored-by-3d-construction-and-great-lakes-components,,10667,9,,,,,
2009-north-american-cup-sponsored-by-3d-construction-and-great-lakes-components,,21204,10,,,,,
2009-north-american-cup-sponsored-by-3d-construction-and-great-lakes-components,,20139,11,,,,,
2009-north-american-cup-sponsored-by-3d-construction-and-great-lakes-components,,22266,12,,,,,
2009-north-american-cup-sponsored-by-3d-construction-and-great-lakes-components,,11210,13,,,,,
2009-north-american-cup-sponsored-by-3d-construction-and-great-lakes-components,,16858,14,,,,,
2009-north-american-cup-sponsored-by-3d-construction-and-great-lakes-components,,6176,15,,,,,
2009-north-american-cup-sponsored-by-3d-construction-and-great-lakes-components,,14762,16,,,,,
2009-north-american-cup-sponsored-by-3d-construction-and-great-lakes-components,,23147,17,,,,,
2009-north-american-cup-sponsored-by-3d-construction-and-great-lakes-components,,14187,18,,,,,
2009-north-american-cup-sponsored-by-3d-construction-and-great-lakes-components,,8526,19,,,,,
2009-north-american-cup-sponsored-by-3d-construction-and-great-lakes-components,,5320,20,,,,,
2009-north-american-cup-sponsored-by-3d-construction-and-great-lakes-components,,11050,21,,,,,
2009-north-american-cup-sponsored-by-3d-construction-and-great-lakes-components,,6728,22,,,,,
2009-north-american-cup-sponsored-by-3d-construction-and-great-lakes-components,,22698,23,,,,,
2009-north-american-cup-sponsored-by-3d-construction-and-great-lakes-components,,10910,24,,,,,
2009-larry-detjens-memorial,,603,1,,,,,
2009-larry-detjens-memorial,,21465,2,,,,,
2009-larry-detjens-memorial,,4200,3,,,,,
2009-larry-detjens-memorial,,17512,4,,,,,
2009-larry-detjens-memorial,,4194,5,,,,,
2009-larry-detjens-memorial,,23147,6,,,,,
2009-larry-detjens-memorial,,15866,7,,,,,
2009-larry-detjens-memorial,,10667,8,,,,,
2009-larry-detjens-memorial,,14187,9,,,,,
2009-larry-detjens-memorial,,2665,10,,,,,
2009-larry-detjens-memorial,,11096,11,,,,,
2009-larry-detjens-memorial,,8535,12,,,,,
2009-larry-detjens-memorial,,21204,13,,,,,
2009-larry-detjens-memorial,,13491,14,,,,,
2009-larry-detjens-memorial,,22266,15,,,,,
2009-larry-detjens-memorial,,11210,16,,,,,
2009-larry-detjens-memorial,,13890,17,,,,,
2009-larry-detjens-memorial,,20139,18,,,,,
2009-larry-detjens-memorial,,null,19,,,,,
2009-larry-detjens-memorial,,18911,20,,,,,
2009-larry-detjens-memorial,,15955,21,,,,,
2009-larry-detjens-memorial,,8145,22,,,,,
2009-larry-detjens-memorial,,22013,23,,,,,
2009-larry-detjens-memorial,,11827,24,,,,,
2009-wcs-championship-80,,21204,1,,,,,
2009-wcs-championship-80,,15866,2,,,,,
2009-wcs-championship-80,,21465,3,,,,,
2009-wcs-championship-80,,22275,4,,,,,
2009-wcs-championship-80,,10667,5,,,,,
2009-wcs-championship-80,,22155,6,,,,,
2009-wcs-championship-80,,2665,7,,,,,
2009-wcs-championship-80,,11096,8,,,,,
2009-wcs-championship-80,,4194,9,,,,,
2009-wcs-championship-80,,20139,10,,,,,
2009-wcs-championship-80,,8535,11,,,,,
2009-wcs-championship-80,,null,12,,,,,
2009-wcs-championship-80,,3775,13,,,,,
2009-wcs-championship-80,,8381,14,,,,,
2009-wcs-championship-80,,15955,15,,,,,
2009-wcs-championship-80,,6384,16,,,,,
2009-wcs-championship-80,,4002,17,,,,,
2009-wcs-championship-80,,6728,18,,,,,
2009-wcs-championship-80,,14187,19,,,,,
2009-wcs-championship-80,,11827,20,,,,,
2009-wcs-championship-80,,603,21,,,,,
2009-wcs-championship-80,,8145,22,,,,,
2009-wcs-championship-80,,17569,23,,,,,
2009-wcs-championship-80,,null,24,,,,,
wcs-2017-01,,5116,1,,,,,
wcs-2017-01,,3645,2,,,,,
wcs-2017-01,,15732,3,,,,,
wcs-2017-01,,4194,4,,,,,
wcs-2017-01,,16996,5,,,,,
wcs-2017-01,,11210,6,,,,,
wcs-2017-01,,21204,7,,,,,
wcs-2017-01,,6736,8,,,,,
wcs-2017-01,,13491,9,,,,,
wcs-2017-01,,12257,10,,,,,
wcs-2017-01,,7046,11,,,,,
wcs-2017-01,,10667,12,,,,,
wcs-2017-01,,23958,13,,,,,
wcs-2017-01,,12161,14,,,,,
wcs-2017-01,,11296,15,,,,,
wcs-2017-01,,20414,16,,,,,
wcs-2017-01,,null,17,,,,,
wcs-2017-01,,167,18,,,,,
wcs-2017-01,,15700,19,,,,,
wcs-2017-02,,603,1,,,,,
wcs-2017-02,,5116,2,,,,,
wcs-2017-02,,2343,3,,,,,
wcs-2017-02,,4194,4,,,,,
wcs-2017-02,,3645,5,,,,,
wcs-2017-02,,21204,6,,,,,
wcs-2017-02,,13491,7,,,,,
wcs-2017-02,,15866,8,,,,,
wcs-2017-02,,18942,9,,,,,
wcs-2017-02,,23147,10,,,,,
wcs-2017-02,,11210,11,,,,,
wcs-2017-02,,7046,12,,,,,
wcs-2017-02,,5320,13,,,,,
wcs-2017-02,,17460,14,,,,,
wcs-2017-02,,12257,15,,,,,
wcs-2017-02,,15732,16,,,,,
wcs-2017-02,,23958,17,,,,,
wcs-2017-02,,19001,18,,,,,
wcs-2017-02,,16996,19,,,,,
wcs-2017-03,,4194,1,,,,,
wcs-2017-03,,3645,2,,,,,
wcs-2017-03,,23958,3,,,,,
wcs-2017-03,,16996,4,,,,,
wcs-2017-03,,11210,5,,,,,
wcs-2017-03,,15866,6,,,,,
wcs-2017-03,,5116,7,,,,,
wcs-2017-03,,15732,8,,,,,
wcs-2017-03,,5654,9,,,,,
wcs-2017-03,,10667,10,,,,,
wcs-2017-03,,6736,11,,,,,
wcs-2017-03,,7046,12,,,,,
wcs-2017-03,,21204,13,,,,,
wcs-2017-03,,13491,14,,,,,
wcs-2017-03,,12779,15,,,,,
wcs-2017-03,,null,16,,,,,
wcs-2017-03,,8535,17,,,,,
wcs-2017-03,,14573,18,,,,,
wcs-2017-04,,4194,1,,,,,
wcs-2017-04,,15732,2,,,,,
wcs-2017-04,,10667,3,,,,,
wcs-2017-04,,null,4,,,,,
wcs-2017-04,,16996,5,,,,,
wcs-2017-04,,5116,6,,,,,
wcs-2017-04,,3645,7,,,,,
wcs-2017-04,,11210,8,,,,,
wcs-2017-04,,6736,9,,,,,
wcs-2017-04,,6384,10,,,,,
wcs-2017-04,,16803,11,,,,,
wcs-2017-04,,2880,12,,,,,
wcs-2017-04,,23958,13,,,,,
wcs-2017-04,,13491,14,,,,,
wcs-2018-01,,15647,1,,,,,
wcs-2018-01,,20392,2,,,,,
wcs-2018-01,,13750,3,,,,,
wcs-2018-01,,23147,4,,,,,
wcs-2018-01,,23958,5,,,,,
wcs-2018-01,,15732,6,,,,,
wcs-2018-01,,11210,7,,,,,
wcs-2018-01,,13491,8,,,,,
wcs-2018-01,,16996,9,,,,,
wcs-2018-01,,15866,10,,,,,
wcs-2018-01,,17569,11,,,,,
wcs-2018-01,,8670,12,,,,,
wcs-2018-01,,4638,13,,,,,
wcs-2018-01,,18851,14,,,,,
wcs-2018-01,,16803,15,,,,,
2018-wegner-motorsports-75-presented-by-ho-chunk-gaming,,16996,1,,,,,
2018-wegner-motorsports-75-presented-by-ho-chunk-gaming,,20392,2,,,,,
2018-wegner-motorsports-75-presented-by-ho-chunk-gaming,,23958,3,,,,,
2018-wegner-motorsports-75-presented-by-ho-chunk-gaming,,15647,4,,,,,
2018-wegner-motorsports-75-presented-by-ho-chunk-gaming,,13750,5,,,,,
2018-wegner-motorsports-75-presented-by-ho-chunk-gaming,,23147,6,,,,,
2018-wegner-motorsports-75-presented-by-ho-chunk-gaming,,15732,7,,,,,
2018-wegner-motorsports-75-presented-by-ho-chunk-gaming,,15866,8,,,,,
2018-wegner-motorsports-75-presented-by-ho-chunk-gaming,,13491,9,,,,,
2018-wegner-motorsports-75-presented-by-ho-chunk-gaming,,3645,10,,,,,
2018-wegner-motorsports-75-presented-by-ho-chunk-gaming,,21519,11,,,,,
2018-wegner-motorsports-75-presented-by-ho-chunk-gaming,,4638,12,,,,,
2018-wegner-motorsports-75-presented-by-ho-chunk-gaming,,17569,13,,,,,
2018-wegner-motorsports-75-presented-by-ho-chunk-gaming,,8670,14,,,,,
2018-wegner-motorsports-75-presented-by-ho-chunk-gaming,,5654,15,,,,,
2018-wegner-motorsports-75-presented-by-ho-chunk-gaming,,null,16,,,,,
2018-wegner-motorsports-75-presented-by-ho-chunk-gaming,,11210,17,,,,,
2018-wegner-motorsports-75-presented-by-ho-chunk-gaming,,10277,18,,,,,
2018-wegner-motorsports-75-presented-by-ho-chunk-gaming,,18911,19,,,,,
2018-wegner-motorsports-75-presented-by-ho-chunk-gaming,,18851,20,,,,,
2018-wegner-motorsports-75-presented-by-ho-chunk-gaming,,16803,21,,,,,
2018-wegner-motorsports-75-presented-by-ho-chunk-gaming,,23955,22,,,,,
2018-wegner-motorsports-75-presented-by-ho-chunk-gaming,,6600,23,,,,,
wcs-2018-03,,5116,1,,,,,
wcs-2018-03,,23147,2,,,,,
wcs-2018-03,,4638,3,,,,,
wcs-2018-03,,13491,4,,,,,
wcs-2018-03,,15732,5,,,,,
wcs-2018-03,,15866,6,,,,,
wcs-2018-03,,16617,7,,,,,
wcs-2018-03,,18851,8,,,,,
wcs-2018-03,,20392,9,,,,,
wcs-2018-03,,23958,10,,,,,
wcs-2018-03,,8670,11,,,,,
wcs-2018-03,,4917,12,,,,,
wcs-2018-03,,16996,13,,,,,
wcs-2018-03,,17569,14,,,,,
wcs-2018-03,,13750,15,,,,,
wcs-2018-03,,11210,16,,,,,
wcs-2018-04,,20392,1,,,,,
wcs-2018-04,,13750,2,,,,,
wcs-2018-04,,3645,3,,,,,
wcs-2018-04,,15866,4,,,,,
wcs-2018-04,,16996,5,,,,,
wcs-2018-04,,4638,6,,,,,
wcs-2018-04,,15732,7,,,,,
wcs-2018-04,,12779,8,,,,,
wcs-2018-04,,23958,9,,,,,
wcs-2018-04,,18851,10,,,,,
wcs-2018-04,,6600,11,,,,,
wcs-2018-04,,4710,12,,,,,
wcs-2018-04,,109,13,,,,,
wcs-2018-04,,23233,14,,,,,
wcs-2018-04,,13491,15,,,,,
wcs-2018-04,,21204,16,,,,,
wcs-2018-04,,null,17,,,,,
wcs-2018-04,,22043,18,,,,,
wcs-2019-01,,12779,1,,,,,
wcs-2019-01,,23166,2,,,,,
wcs-2019-01,,15647,3,,,,,
wcs-2019-01,,13750,4,,,,,
wcs-2019-01,,8670,5,,,,,
wcs-2019-01,,17569,6,,,,,
wcs-2019-01,,15732,7,,,,,
wcs-2019-01,,10746,8,,,,,
wcs-2019-01,,23147,9,,,,,
wcs-2019-01,,17088,10,,,,,
wcs-2019-01,,13491,11,,,,,
wcs-2019-01,,null,12,,,,,
wcs-2019-01,,17535,13,,,,,
wcs-2019-01,,23958,14,,,,,
wcs-2019-02,,12779,1,,,,,
wcs-2019-02,,23147,2,,,,,
wcs-2019-02,,8670,3,,,,,
wcs-2019-02,,15732,4,,,,,
wcs-2019-02,,13750,5,,,,,
wcs-2019-02,,4638,6,,,,,
wcs-2019-02,,15647,7,,,,,
wcs-2019-02,,2880,8,,,,,
wcs-2019-02,,11210,9,,,,,
wcs-2019-02,,13491,10,,,,,
wcs-2019-02,,5654,11,,,,,
wcs-2019-02,,17569,12,,,,,
wcs-2019-02,,603,13,,,,,
wcs-2019-02,,10668,14,,,,,
wcs-2019-02,,4917,15,,,,,
wcs-2019-03,,13491,1,,,,,
wcs-2019-03,,12779,2,,,,,
wcs-2019-03,,8670,3,,,,,
wcs-2019-03,,15732,4,,,,,
wcs-2019-03,,16617,5,,,,,
wcs-2019-03,,11210,6,,,,,
wcs-2019-03,,13750,7,,,,,
wcs-2019-03,,17874,8,,,,,
wcs-2019-03,,5654,9,,,,,
wcs-2019-03,,null,10,,,,,
wcs-2019-03,,15866,11,,,,,
wcs-2019-03,,2880,12,,,,,
wcs-2019-03,,109,13,,,,,
wcs-2019-03,,603,14,,,,,
wcs-2019-03,,23147,15,,,,,
