series_event_id,finishing_position,starting_position,car_number,driver_name,sponsor,make,laps,led,status,points,result_section,source_url,driver_id,driver_slug
335,1,,,Tim Lemirande,,,,,,,Feature Results,https://www.thethirdturn.com/wiki/2012_Clash_at_the_Creek,,
335,2,,,Benji LaCrosse,,,,,,,Feature Results,https://www.thethirdturn.com/wiki/2012_Clash_at_the_Creek,,
335,3,,,Shawn Kilgore,,,,,,,Feature Results,https://www.thethirdturn.com/wiki/2012_Clash_at_the_Creek,,
335,4,,,Sean Jerovetz,,,,,,,Feature Results,https://www.thethirdturn.com/wiki/2012_Clash_at_the_Creek,,
335,5,,,Aaron Rake,,,,,,,Feature Results,https://www.thethirdturn.com/wiki/2012_Clash_at_the_Creek,,
335,6,,,Todd Dart,,,,,,,Feature Results,https://www.thethirdturn.com/wiki/2012_Clash_at_the_Creek,,
335,7,,,Jared Siefert,,,,,,,Feature Results,https://www.thethirdturn.com/wiki/2012_Clash_at_the_Creek,,
335,8,,,Mike Mullen,,,,,,,Feature Results,https://www.thethirdturn.com/wiki/2012_Clash_at_the_Creek,,
335,9,,,Tim Czarneski,,,,,,,Feature Results,https://www.thethirdturn.com/wiki/2012_Clash_at_the_Creek,,
335,10,,,Tony Wedelstadt,,,,,,,Feature Results,https://www.thethirdturn.com/wiki/2012_Clash_at_the_Creek,,
335,11,,,Jeremy Christians,,,,,,,Feature Results,https://www.thethirdturn.com/wiki/2012_Clash_at_the_Creek,,
335,12,,,Eric Arneson,,,,,,,Feature Results,https://www.thethirdturn.com/wiki/2012_Clash_at_the_Creek,,
335,13,,,Russ Reinwald,,,,,,,Feature Results,https://www.thethirdturn.com/wiki/2012_Clash_at_the_Creek,,
335,14,,,Kyle Frederick,,,,,,,Feature Results,https://www.thethirdturn.com/wiki/2012_Clash_at_the_Creek,,
335,15,,,"Eddie Lemay, Jr.",,,,,,,Feature Results,https://www.thethirdturn.com/wiki/2012_Clash_at_the_Creek,,
335,16,,,Lance Arneson,,,,,,,Feature Results,https://www.thethirdturn.com/wiki/2012_Clash_at_the_Creek,,
335,17,,,Joel Crowbridge,,,,,,,Feature Results,https://www.thethirdturn.com/wiki/2012_Clash_at_the_Creek,,
335,18,,,Brian Mullen,,,,,,,Feature Results,https://www.thethirdturn.com/wiki/2012_Clash_at_the_Creek,,
335,19,,,Jason Briese,,,,,,,Feature Results,https://www.thethirdturn.com/wiki/2012_Clash_at_the_Creek,,
335,20,,,Cory Cochart,,,,,,,Feature Results,https://www.thethirdturn.com/wiki/2012_Clash_at_the_Creek,,
335,21,,,Johnny Whitman,,,,,,,Feature Results,https://www.thethirdturn.com/wiki/2012_Clash_at_the_Creek,,
335,22,,,Dave Zeitler,,,,,,,Feature Results,https://www.thethirdturn.com/wiki/2012_Clash_at_the_Creek,,
335,23,,,Jason Zdroik,,,,,,,Feature Results,https://www.thethirdturn.com/wiki/2012_Clash_at_the_Creek,,
335,24,,,Mitch McGrath,,,,,,,Feature Results,https://www.thethirdturn.com/wiki/2012_Clash_at_the_Creek,,
336,1,,,Mitch McGrath,,,,,,,Feature Results,https://www.thethirdturn.com/wiki/Badger_Mod_Tour:2012-03,,
336,2,,,Craig Priewe,,,,,,,Feature Results,https://www.thethirdturn.com/wiki/Badger_Mod_Tour:2012-03,,
336,3,,,Brian Mullen,,,,,,,Feature Results,https://www.thethirdturn.com/wiki/Badger_Mod_Tour:2012-03,,
336,4,,,Jeremy Christians,,,,,,,Feature Results,https://www.thethirdturn.com/wiki/Badger_Mod_Tour:2012-03,,
336,5,,,Tom Schaal,,,,,,,Feature Results,https://www.thethirdturn.com/wiki/Badger_Mod_Tour:2012-03,,
336,6,,,Jared Siefert,,,,,,,Feature Results,https://www.thethirdturn.com/wiki/Badger_Mod_Tour:2012-03,,
336,7,,,Russ Reinwald,,,,,,,Feature Results,https://www.thethirdturn.com/wiki/Badger_Mod_Tour:2012-03,,
336,8,,,Matt Rechek,,,,,,,Feature Results,https://www.thethirdturn.com/wiki/Badger_Mod_Tour:2012-03,,
336,9,,,Jeff Steenbergen,,,,,,,Feature Results,https://www.thethirdturn.com/wiki/Badger_Mod_Tour:2012-03,,
336,10,,,Joel Crowbridge,,,,,,,Feature Results,https://www.thethirdturn.com/wiki/Badger_Mod_Tour:2012-03,,
336,11,,,Don Scheffler,,,,,,,Feature Results,https://www.thethirdturn.com/wiki/Badger_Mod_Tour:2012-03,,
336,12,,,Aaron Rake,,,,,,,Feature Results,https://www.thethirdturn.com/wiki/Badger_Mod_Tour:2012-03,,
336,13,,,Kyle Kudick,,,,,,,Feature Results,https://www.thethirdturn.com/wiki/Badger_Mod_Tour:2012-03,,
336,14,,,Lance Arneson,,,,,,,Feature Results,https://www.thethirdturn.com/wiki/Badger_Mod_Tour:2012-03,,
336,15,,,"Randy Markwardt, Jr.",,,,,,,Feature Results,https://www.thethirdturn.com/wiki/Badger_Mod_Tour:2012-03,,
336,16,,,"Eddie Lemay, Jr.",,,,,,,Feature Results,https://www.thethirdturn.com/wiki/Badger_Mod_Tour:2012-03,,
336,17,,,Jason Zdroik,,,,,,,Feature Results,https://www.thethirdturn.com/wiki/Badger_Mod_Tour:2012-03,,
336,18,,,Joe McGrath,,,,,,,Feature Results,https://www.thethirdturn.com/wiki/Badger_Mod_Tour:2012-03,,
336,19,,,Kyle Frederick,,,,,,,Feature Results,https://www.thethirdturn.com/wiki/Badger_Mod_Tour:2012-03,,
336,20,,,Pat Zdroik,,,,,,,Feature Results,https://www.thethirdturn.com/wiki/Badger_Mod_Tour:2012-03,,
336,21,,,David Schoenberger,,,,,,,Feature Results,https://www.thethirdturn.com/wiki/Badger_Mod_Tour:2012-03,,
336,22,,,Nick Firari,,,,,,,Feature Results,https://www.thethirdturn.com/wiki/Badger_Mod_Tour:2012-03,,
336,23,,,Mike Mullen,,,,,,,Feature Results,https://www.thethirdturn.com/wiki/Badger_Mod_Tour:2012-03,,
337,1,,,Mitch McGrath,,,,,,,Feature Results,https://www.thethirdturn.com/wiki/Badger_Mod_Tour:2012-04,,
337,2,,,Joe McGrath,,,,,,,Feature Results,https://www.thethirdturn.com/wiki/Badger_Mod_Tour:2012-04,,
337,3,,,Brian Mullen,,,,,,,Feature Results,https://www.thethirdturn.com/wiki/Badger_Mod_Tour:2012-04,,
337,4,,,Russ Reinwald,,,,,,,Feature Results,https://www.thethirdturn.com/wiki/Badger_Mod_Tour:2012-04,,
337,5,,,Craig Priewe,,,,,,,Feature Results,https://www.thethirdturn.com/wiki/Badger_Mod_Tour:2012-04,,
337,6,,,Don Scheffler,,,,,,,Feature Results,https://www.thethirdturn.com/wiki/Badger_Mod_Tour:2012-04,,
337,7,,,Jeremy Christians,,,,,,,Feature Results,https://www.thethirdturn.com/wiki/Badger_Mod_Tour:2012-04,,
337,8,,,Tom Schaal,,,,,,,Feature Results,https://www.thethirdturn.com/wiki/Badger_Mod_Tour:2012-04,,
337,9,,,Mike Mullen,,,,,,,Feature Results,https://www.thethirdturn.com/wiki/Badger_Mod_Tour:2012-04,,
337,10,,,Jeff Steenbergen,,,,,,,Feature Results,https://www.thethirdturn.com/wiki/Badger_Mod_Tour:2012-04,,
337,11,,,Matt Rechek,,,,,,,Feature Results,https://www.thethirdturn.com/wiki/Badger_Mod_Tour:2012-04,,
337,12,,,Mike Mueller,,,,,,,Feature Results,https://www.thethirdturn.com/wiki/Badger_Mod_Tour:2012-04,,
337,13,,,"Eddie Lemay, Jr.",,,,,,,Feature Results,https://www.thethirdturn.com/wiki/Badger_Mod_Tour:2012-04,,
337,14,,,Brian Joski,,,,,,,Feature Results,https://www.thethirdturn.com/wiki/Badger_Mod_Tour:2012-04,,
337,15,,,Chris Piquette,,,,,,,Feature Results,https://www.thethirdturn.com/wiki/Badger_Mod_Tour:2012-04,,
337,16,,,Jared Siefert,,,,,,,Feature Results,https://www.thethirdturn.com/wiki/Badger_Mod_Tour:2012-04,,
337,17,,,Tim Lemirande,,,,,,,Feature Results,https://www.thethirdturn.com/wiki/Badger_Mod_Tour:2012-04,,
337,18,,,Jason Zdroik,,,,,,,Feature Results,https://www.thethirdturn.com/wiki/Badger_Mod_Tour:2012-04,,
337,19,,,Scott Kuxhouse,,,,,,,Feature Results,https://www.thethirdturn.com/wiki/Badger_Mod_Tour:2012-04,,
337,20,,,Aaron Rake,,,,,,,Feature Results,https://www.thethirdturn.com/wiki/Badger_Mod_Tour:2012-04,,
337,21,,,"Jeff Bodendorfer, Jr.",,,,,,,Feature Results,https://www.thethirdturn.com/wiki/Badger_Mod_Tour:2012-04,,
337,22,,,"Randy Markwardt, Jr.",,,,,,,Feature Results,https://www.thethirdturn.com/wiki/Badger_Mod_Tour:2012-04,,
337,23,,,Lance Arneson,,,,,,,Feature Results,https://www.thethirdturn.com/wiki/Badger_Mod_Tour:2012-04,,
337,24,,,Jamie Schmidt,,,,,,,Feature Results,https://www.thethirdturn.com/wiki/Badger_Mod_Tour:2012-04,,
338,1,,,Mitch McGrath,,,,,,,Feature Results,https://www.thethirdturn.com/wiki/Badger_Mod_Tour:2012-05,,
338,2,,,Benji LaCrosse,,,,,,,Feature Results,https://www.thethirdturn.com/wiki/Badger_Mod_Tour:2012-05,,
338,3,,,Joe McGrath,,,,,,,Feature Results,https://www.thethirdturn.com/wiki/Badger_Mod_Tour:2012-05,,
338,4,,,Craig Priewe,,,,,,,Feature Results,https://www.thethirdturn.com/wiki/Badger_Mod_Tour:2012-05,,
338,5,,,Jared Siefert,,,,,,,Feature Results,https://www.thethirdturn.com/wiki/Badger_Mod_Tour:2012-05,,
338,6,,,Chad Bartel,,,,,,,Feature Results,https://www.thethirdturn.com/wiki/Badger_Mod_Tour:2012-05,,
338,7,,,Todd Dart,,,,,,,Feature Results,https://www.thethirdturn.com/wiki/Badger_Mod_Tour:2012-05,,
338,8,,,Brian Mullen,,,,,,,Feature Results,https://www.thethirdturn.com/wiki/Badger_Mod_Tour:2012-05,,
338,9,,,Mike Mullen,,,,,,,Feature Results,https://www.thethirdturn.com/wiki/Badger_Mod_Tour:2012-05,,
338,10,,,"Eddie Lemay, Jr.",,,,,,,Feature Results,https://www.thethirdturn.com/wiki/Badger_Mod_Tour:2012-05,,
338,11,,,Russ Reinwald,,,,,,,Feature Results,https://www.thethirdturn.com/wiki/Badger_Mod_Tour:2012-05,,
338,12,,,Tom Schaal,,,,,,,Feature Results,https://www.thethirdturn.com/wiki/Badger_Mod_Tour:2012-05,,
338,13,,,Jeremy Christians,,,,,,,Feature Results,https://www.thethirdturn.com/wiki/Badger_Mod_Tour:2012-05,,
338,14,,,Mike Klenz,,,,,,,Feature Results,https://www.thethirdturn.com/wiki/Badger_Mod_Tour:2012-05,,
338,15,,,David Schoenberger,,,,,,,Feature Results,https://www.thethirdturn.com/wiki/Badger_Mod_Tour:2012-05,,
338,16,,,Brian Joski,,,,,,,Feature Results,https://www.thethirdturn.com/wiki/Badger_Mod_Tour:2012-05,,
338,17,,,Lance Arneson,,,,,,,Feature Results,https://www.thethirdturn.com/wiki/Badger_Mod_Tour:2012-05,,
338,18,,,Kyle Frederick,,,,,,,Feature Results,https://www.thethirdturn.com/wiki/Badger_Mod_Tour:2012-05,,
338,19,,,Matt Rechek,,,,,,,Feature Results,https://www.thethirdturn.com/wiki/Badger_Mod_Tour:2012-05,,
338,20,,,Marcus Yarie,,,,,,,Feature Results,https://www.thethirdturn.com/wiki/Badger_Mod_Tour:2012-05,,
338,21,,,Justin Ritchie,,,,,,,Feature Results,https://www.thethirdturn.com/wiki/Badger_Mod_Tour:2012-05,,
338,22,,,Tony Wedelstadt,,,,,,,Feature Results,https://www.thethirdturn.com/wiki/Badger_Mod_Tour:2012-05,,
338,23,,,Jamie Schmidt,,,,,,,Feature Results,https://www.thethirdturn.com/wiki/Badger_Mod_Tour:2012-05,,
339,1,,,Benji LaCrosse,,,,,,,Feature Results,https://www.thethirdturn.com/wiki/Badger_Mod_Tour:2012-06,,
339,2,,,Brian Mullen,,,,,,,Feature Results,https://www.thethirdturn.com/wiki/Badger_Mod_Tour:2012-06,,
339,3,,,Craig Priewe,,,,,,,Feature Results,https://www.thethirdturn.com/wiki/Badger_Mod_Tour:2012-06,,
339,4,,,Marcus Yarie,,,,,,,Feature Results,https://www.thethirdturn.com/wiki/Badger_Mod_Tour:2012-06,,
339,5,,,Mike Mullen,,,,,,,Feature Results,https://www.thethirdturn.com/wiki/Badger_Mod_Tour:2012-06,,
339,6,,,Mitch McGrath,,,,,,,Feature Results,https://www.thethirdturn.com/wiki/Badger_Mod_Tour:2012-06,,
339,7,,,Russ Reinwald,,,,,,,Feature Results,https://www.thethirdturn.com/wiki/Badger_Mod_Tour:2012-06,,
339,8,,,Joe McGrath,,,,,,,Feature Results,https://www.thethirdturn.com/wiki/Badger_Mod_Tour:2012-06,,
339,9,,,Tim Lemirande,,,,,,,Feature Results,https://www.thethirdturn.com/wiki/Badger_Mod_Tour:2012-06,,
339,10,,,Pat Zdroik,,,,,,,Feature Results,https://www.thethirdturn.com/wiki/Badger_Mod_Tour:2012-06,,
339,11,,,Lance Arneson,,,,,,,Feature Results,https://www.thethirdturn.com/wiki/Badger_Mod_Tour:2012-06,,
339,12,,,Matt Rechek,,,,,,,Feature Results,https://www.thethirdturn.com/wiki/Badger_Mod_Tour:2012-06,,
339,13,,,Jeremy Christians,,,,,,,Feature Results,https://www.thethirdturn.com/wiki/Badger_Mod_Tour:2012-06,,
339,14,,,"Eddie Lemay, Jr.",,,,,,,Feature Results,https://www.thethirdturn.com/wiki/Badger_Mod_Tour:2012-06,,
339,15,,,Kyle Kudick,,,,,,,Feature Results,https://www.thethirdturn.com/wiki/Badger_Mod_Tour:2012-06,,
339,16,,,"Randy Markwardt, Jr.",,,,,,,Feature Results,https://www.thethirdturn.com/wiki/Badger_Mod_Tour:2012-06,,
339,17,,,Tom Schaal,,,,,,,Feature Results,https://www.thethirdturn.com/wiki/Badger_Mod_Tour:2012-06,,
339,18,,,Jamie Schmidt,,,,,,,Feature Results,https://www.thethirdturn.com/wiki/Badger_Mod_Tour:2012-06,,
339,19,,,Jason Zdroik,,,,,,,Feature Results,https://www.thethirdturn.com/wiki/Badger_Mod_Tour:2012-06,,
339,20,,,Kyle Frederick,,,,,,,Feature Results,https://www.thethirdturn.com/wiki/Badger_Mod_Tour:2012-06,,
339,21,,,Joel Crowbridge,,,,,,,Feature Results,https://www.thethirdturn.com/wiki/Badger_Mod_Tour:2012-06,,
339,22,,,Jeremy Jacobs,,,,,,,Feature Results,https://www.thethirdturn.com/wiki/Badger_Mod_Tour:2012-06,,
339,23,,,Todd Dart,,,,,,,Feature Results,https://www.thethirdturn.com/wiki/Badger_Mod_Tour:2012-06,,
339,24,,,Jared Siefert,,,,,,,Feature Results,https://www.thethirdturn.com/wiki/Badger_Mod_Tour:2012-06,,
340,1,,,Brian Mullen,,,,,,,Feature Results,https://www.thethirdturn.com/wiki/Badger_Mod_Tour:2012-07,,
340,2,,,Tim Czarneski,,,,,,,Feature Results,https://www.thethirdturn.com/wiki/Badger_Mod_Tour:2012-07,,
340,3,,,Kyle Kudick,,,,,,,Feature Results,https://www.thethirdturn.com/wiki/Badger_Mod_Tour:2012-07,,
340,4,,,Mitch McGrath,,,,,,,Feature Results,https://www.thethirdturn.com/wiki/Badger_Mod_Tour:2012-07,,
340,5,,,Kyle Lentz,,,,,,,Feature Results,https://www.thethirdturn.com/wiki/Badger_Mod_Tour:2012-07,,
340,6,,,Dean Maurer,,,,,,,Feature Results,https://www.thethirdturn.com/wiki/Badger_Mod_Tour:2012-07,,
340,7,,,Sean Jerovetz,,,,,,,Feature Results,https://www.thethirdturn.com/wiki/Badger_Mod_Tour:2012-07,,
340,8,,,Mike Mullen,,,,,,,Feature Results,https://www.thethirdturn.com/wiki/Badger_Mod_Tour:2012-07,,
340,9,,,Todd Dart,,,,,,,Feature Results,https://www.thethirdturn.com/wiki/Badger_Mod_Tour:2012-07,,
340,10,,,Russ Reinwald,,,,,,,Feature Results,https://www.thethirdturn.com/wiki/Badger_Mod_Tour:2012-07,,
340,11,,,"Eugene Gregorich, Jr.",,,,,,,Feature Results,https://www.thethirdturn.com/wiki/Badger_Mod_Tour:2012-07,,
340,12,,,Jamie Schmidt,,,,,,,Feature Results,https://www.thethirdturn.com/wiki/Badger_Mod_Tour:2012-07,,
340,13,,,Marcus Yarie,,,,,,,Feature Results,https://www.thethirdturn.com/wiki/Badger_Mod_Tour:2012-07,,
340,14,,,Johnny Whitman,,,,,,,Feature Results,https://www.thethirdturn.com/wiki/Badger_Mod_Tour:2012-07,,
340,15,,,Lance Arneson,,,,,,,Feature Results,https://www.thethirdturn.com/wiki/Badger_Mod_Tour:2012-07,,
340,16,,,Eric Mahlik,,,,,,,Feature Results,https://www.thethirdturn.com/wiki/Badger_Mod_Tour:2012-07,,
340,17,,,Jeremy Christians,,,,,,,Feature Results,https://www.thethirdturn.com/wiki/Badger_Mod_Tour:2012-07,,
340,18,,,Brad Theys,,,,,,,Feature Results,https://www.thethirdturn.com/wiki/Badger_Mod_Tour:2012-07,,
340,19,,,Matt Rechek,,,,,,,Feature Results,https://www.thethirdturn.com/wiki/Badger_Mod_Tour:2012-07,,
340,20,,,R.M. Van Pay,,,,,,,Feature Results,https://www.thethirdturn.com/wiki/Badger_Mod_Tour:2012-07,,
340,21,,,Benji LaCrosse,,,,,,,Feature Results,https://www.thethirdturn.com/wiki/Badger_Mod_Tour:2012-07,,
340,22,,,Tim Jorgenson,,,,,,,Feature Results,https://www.thethirdturn.com/wiki/Badger_Mod_Tour:2012-07,,
340,23,,,Tim Lemirande,,,,,,,Feature Results,https://www.thethirdturn.com/wiki/Badger_Mod_Tour:2012-07,,
340,24,,,Shawn Kilgore,,,,,,,Feature Results,https://www.thethirdturn.com/wiki/Badger_Mod_Tour:2012-07,,
341,1,2,54,Benji LaCrosse,,,,,,,Feature Results,https://www.thethirdturn.com/wiki/Badger_Mod_Tour:2013-01,,
341,2,1,9W,Jerry Wilinski,,,,,,,Feature Results,https://www.thethirdturn.com/wiki/Badger_Mod_Tour:2013-01,,
341,3,9,72,Brian Mullen,,,,,,,Feature Results,https://www.thethirdturn.com/wiki/Badger_Mod_Tour:2013-01,,
341,4,4,10P,Paul Parker,,,,,,,Feature Results,https://www.thethirdturn.com/wiki/Badger_Mod_Tour:2013-01,,
341,5,21,74,Mitch McGrath,,,,,,,Feature Results,https://www.thethirdturn.com/wiki/Badger_Mod_Tour:2013-01,,
341,6,17,1Z,Pat Zdroik,,,,,,,Feature Results,https://www.thethirdturn.com/wiki/Badger_Mod_Tour:2013-01,,
341,7,12,75A,Lance Arneson,,,,,,,Feature Results,https://www.thethirdturn.com/wiki/Badger_Mod_Tour:2013-01,,
341,8,14,66,Jared Siefert,,,,,,,Feature Results,https://www.thethirdturn.com/wiki/Badger_Mod_Tour:2013-01,,
341,9,19,5,Eddie Muenster,,,,,,,Feature Results,https://www.thethirdturn.com/wiki/Badger_Mod_Tour:2013-01,,
341,10,20,757,Tony Wedelstadt,,,,,,,Feature Results,https://www.thethirdturn.com/wiki/Badger_Mod_Tour:2013-01,,
341,11,22,27,Kyle Lentz,,,,,,,Feature Results,https://www.thethirdturn.com/wiki/Badger_Mod_Tour:2013-01,,
341,12,24,55,Tom Schaal,,,,,,,Feature Results,https://www.thethirdturn.com/wiki/Badger_Mod_Tour:2013-01,,
341,13,15,10M,Joe McGrath,,,,,,,Feature Results,https://www.thethirdturn.com/wiki/Badger_Mod_Tour:2013-01,,
341,14,18,3K,Todd Dart,,,,,,,Feature Results,https://www.thethirdturn.com/wiki/Badger_Mod_Tour:2013-01,,
341,15,16,13,"Eddie Lemay, Jr.",,,,,,,Feature Results,https://www.thethirdturn.com/wiki/Badger_Mod_Tour:2013-01,,
341,16,13,18W,Mark Weisnicht,,,,,,,Feature Results,https://www.thethirdturn.com/wiki/Badger_Mod_Tour:2013-01,,
341,17,5,56C,Jason Czarapata,,,,,,,Feature Results,https://www.thethirdturn.com/wiki/Badger_Mod_Tour:2013-01,,
341,18,11,19,Eric Van Iten,,,,,,,Feature Results,https://www.thethirdturn.com/wiki/Badger_Mod_Tour:2013-01,,
341,19,10,99,Brad Rohloff,,,,,,,Feature Results,https://www.thethirdturn.com/wiki/Badger_Mod_Tour:2013-01,,
341,20,23,118,Tim Jorgenson,,,,,,,Feature Results,https://www.thethirdturn.com/wiki/Badger_Mod_Tour:2013-01,,
341,21,7,08,Johnny Whitman,,,,,,,Feature Results,https://www.thethirdturn.com/wiki/Badger_Mod_Tour:2013-01,,
341,22,8,58,Marcus Yarie,,,,,,,Feature Results,https://www.thethirdturn.com/wiki/Badger_Mod_Tour:2013-01,,
341,3,,,21CZ,,,,,,,Feature Results,https://www.thethirdturn.com/wiki/Badger_Mod_Tour:2013-01,,
341,24,6,1X,Craig Priewe,,,,,,,Feature Results,https://www.thethirdturn.com/wiki/Badger_Mod_Tour:2013-01,,
343,1,8,74,Mitch McGrath,,,,,,,Feature Results,https://www.thethirdturn.com/wiki/Badger_Mod_Tour:2013-03,,
343,2,7,1X,Craig Priewe,,,,,,,Feature Results,https://www.thethirdturn.com/wiki/Badger_Mod_Tour:2013-03,,
343,3,3,5X,Tim Lemirande,,,,,,,Feature Results,https://www.thethirdturn.com/wiki/Badger_Mod_Tour:2013-03,,
343,4,14,75A,Lance Arneson,,,,,,,Feature Results,https://www.thethirdturn.com/wiki/Badger_Mod_Tour:2013-03,,
343,5,20,58,Marcus Yarie,,,,,,,Feature Results,https://www.thethirdturn.com/wiki/Badger_Mod_Tour:2013-03,,
343,6,9,42,Jamie Schmidt,,,,,,,Feature Results,https://www.thethirdturn.com/wiki/Badger_Mod_Tour:2013-03,,
343,7,6,21L,Brad Lautenbach,,,,,,,Feature Results,https://www.thethirdturn.com/wiki/Badger_Mod_Tour:2013-03,,
343,8,17,10M,Joe McGrath,,,,,,,Feature Results,https://www.thethirdturn.com/wiki/Badger_Mod_Tour:2013-03,,
343,9,22,18W,Mark Weisnicht,,,,,,,Feature Results,https://www.thethirdturn.com/wiki/Badger_Mod_Tour:2013-03,,
343,13,,,1JZ,,,,,,,Feature Results,https://www.thethirdturn.com/wiki/Badger_Mod_Tour:2013-03,,
343,11,19,28C,Joel Crowbridge,,,,,,,Feature Results,https://www.thethirdturn.com/wiki/Badger_Mod_Tour:2013-03,,
343,12,11,03,Cody Hudson,,,,,,,Feature Results,https://www.thethirdturn.com/wiki/Badger_Mod_Tour:2013-03,,
343,13,16,9M,Eric Mahlik,,,,,,,Feature Results,https://www.thethirdturn.com/wiki/Badger_Mod_Tour:2013-03,,
343,14,12,68,Mark Joski,,,,,,,Feature Results,https://www.thethirdturn.com/wiki/Badger_Mod_Tour:2013-03,,
343,15,15,6Z,Jim Zdroik,,,,,,,Feature Results,https://www.thethirdturn.com/wiki/Badger_Mod_Tour:2013-03,,
343,16,4,19,Eric Van Iten,,,,,,,Feature Results,https://www.thethirdturn.com/wiki/Badger_Mod_Tour:2013-03,,
343,17,2,95J,Brian Joski,,,,,,,Feature Results,https://www.thethirdturn.com/wiki/Badger_Mod_Tour:2013-03,,
343,18,21,22B,Bruce Belland,,,,,,,Feature Results,https://www.thethirdturn.com/wiki/Badger_Mod_Tour:2013-03,,
343,19,5,1Z,Pat Zdroik,,,,,,,Feature Results,https://www.thethirdturn.com/wiki/Badger_Mod_Tour:2013-03,,
343,20,18,13,"Eddie Lemay, Jr.",,,,,,,Feature Results,https://www.thethirdturn.com/wiki/Badger_Mod_Tour:2013-03,,
343,21,1,65,Dean Maurer,,,,,,,Feature Results,https://www.thethirdturn.com/wiki/Badger_Mod_Tour:2013-03,,
343,22,10,Z84,Dave Zeitler,,,,,,,Feature Results,https://www.thethirdturn.com/wiki/Badger_Mod_Tour:2013-03,,
344,1,10,5X,Tim Lemirande,,,,,,,Feature Results,https://www.thethirdturn.com/wiki/Badger_Mod_Tour:2013-04,,
344,2,18,74,Mitch McGrath,,,,,,,Feature Results,https://www.thethirdturn.com/wiki/Badger_Mod_Tour:2013-04,,
344,3,6,99X,Jeremy Christians,,,,,,,Feature Results,https://www.thethirdturn.com/wiki/Badger_Mod_Tour:2013-04,,
344,4,3,19,Eric Van Iten,,,,,,,Feature Results,https://www.thethirdturn.com/wiki/Badger_Mod_Tour:2013-04,,
344,5,12,13,"Eddie Lemay, Jr.",,,,,,,Feature Results,https://www.thethirdturn.com/wiki/Badger_Mod_Tour:2013-04,,
344,6,13,99,Brad Rohloff,,,,,,,Feature Results,https://www.thethirdturn.com/wiki/Badger_Mod_Tour:2013-04,,
344,7,16,10M,Joe McGrath,,,,,,,Feature Results,https://www.thethirdturn.com/wiki/Badger_Mod_Tour:2013-04,,
344,8,24,5R,Matt Rechek,,,,,,,Feature Results,https://www.thethirdturn.com/wiki/Badger_Mod_Tour:2013-04,,
344,9,22,15S,Don Scheffler,,,,,,,Feature Results,https://www.thethirdturn.com/wiki/Badger_Mod_Tour:2013-04,,
344,10,2,6Z,Jim Zdroik,,,,,,,Feature Results,https://www.thethirdturn.com/wiki/Badger_Mod_Tour:2013-04,,
344,11,20,757,Tony Wedelstadt,,,,,,,Feature Results,https://www.thethirdturn.com/wiki/Badger_Mod_Tour:2013-04,,
344,12,4,75,Matt Oreskovich,,,,,,,Feature Results,https://www.thethirdturn.com/wiki/Badger_Mod_Tour:2013-04,,
344,13,19,03,Cody Hudson,,,,,,,Feature Results,https://www.thethirdturn.com/wiki/Badger_Mod_Tour:2013-04,,
344,14,5,21F,Nick Firari,,,,,,,Feature Results,https://www.thethirdturn.com/wiki/Badger_Mod_Tour:2013-04,,
344,15,21,52M,Brad McGuire,,,,,,,Feature Results,https://www.thethirdturn.com/wiki/Badger_Mod_Tour:2013-04,,
344,16,1,47H,Jason Hyerdall,,,,,,,Feature Results,https://www.thethirdturn.com/wiki/Badger_Mod_Tour:2013-04,,
344,17,11,1X,Craig Priewe,,,,,,,Feature Results,https://www.thethirdturn.com/wiki/Badger_Mod_Tour:2013-04,,
344,18,7,75A,Lance Arneson,,,,,,,Feature Results,https://www.thethirdturn.com/wiki/Badger_Mod_Tour:2013-04,,
344,19,9,54,Benji LaCrosse,,,,,,,Feature Results,https://www.thethirdturn.com/wiki/Badger_Mod_Tour:2013-04,,
344,20,8,21L,Brad Lautenbach,,,,,,,Feature Results,https://www.thethirdturn.com/wiki/Badger_Mod_Tour:2013-04,,
344,21,14,1Z,Pat Zdroik,,,,,,,Feature Results,https://www.thethirdturn.com/wiki/Badger_Mod_Tour:2013-04,,
344,22,15,55,Tom Schaal,,,,,,,Feature Results,https://www.thethirdturn.com/wiki/Badger_Mod_Tour:2013-04,,
344,23,23,18W,Mark Weisnicht,,,,,,,Feature Results,https://www.thethirdturn.com/wiki/Badger_Mod_Tour:2013-04,,
344,24,17,17W,Mitch Webber,,,,,,,Feature Results,https://www.thethirdturn.com/wiki/Badger_Mod_Tour:2013-04,,
345,1,7,54,Benji LaCrosse,,,,,,,Feature Results,https://www.thethirdturn.com/wiki/Badger_Mod_Tour:2013-05,,
345,2,2,19,Eric Van Iten,,,,,,,Feature Results,https://www.thethirdturn.com/wiki/Badger_Mod_Tour:2013-05,,
345,3,11,72,Brian Mullen,,,,,,,Feature Results,https://www.thethirdturn.com/wiki/Badger_Mod_Tour:2013-05,,
345,4,4,21X,Kurt Moeller,,,,,,,Feature Results,https://www.thethirdturn.com/wiki/Badger_Mod_Tour:2013-05,,
345,5,14,74,Mitch McGrath,,,,,,,Feature Results,https://www.thethirdturn.com/wiki/Badger_Mod_Tour:2013-05,,
345,6,17,1X,Craig Priewe,,,,,,,Feature Results,https://www.thethirdturn.com/wiki/Badger_Mod_Tour:2013-05,,
345,7,19,10M,Joe McGrath,,,,,,,Feature Results,https://www.thethirdturn.com/wiki/Badger_Mod_Tour:2013-05,,
345,8,9,13,"Eddie Lemay, Jr.",,,,,,,Feature Results,https://www.thethirdturn.com/wiki/Badger_Mod_Tour:2013-05,,
345,9,18,9M,Eric Mahlik,,,,,,,Feature Results,https://www.thethirdturn.com/wiki/Badger_Mod_Tour:2013-05,,
345,10,6,99X,Jeremy Christians,,,,,,,Feature Results,https://www.thethirdturn.com/wiki/Badger_Mod_Tour:2013-05,,
345,11,20,32,Jarrod Anvelink,,,,,,,Feature Results,https://www.thethirdturn.com/wiki/Badger_Mod_Tour:2013-05,,
345,12,24,69S,T.J. Smith,,,,,,,Feature Results,https://www.thethirdturn.com/wiki/Badger_Mod_Tour:2013-05,,
345,13,10,55,Tom Schaal,,,,,,,Feature Results,https://www.thethirdturn.com/wiki/Badger_Mod_Tour:2013-05,,
345,14,22,18W,Mark Weisnicht,,,,,,,Feature Results,https://www.thethirdturn.com/wiki/Badger_Mod_Tour:2013-05,,
345,15,15,37S,John Schultz,,,,,,,Feature Results,https://www.thethirdturn.com/wiki/Badger_Mod_Tour:2013-05,,
345,16,5,6Z,Jim Zdroik,,,,,,,Feature Results,https://www.thethirdturn.com/wiki/Badger_Mod_Tour:2013-05,,
345,17,13,03,Cody Hudson,,,,,,,Feature Results,https://www.thethirdturn.com/wiki/Badger_Mod_Tour:2013-05,,
345,18,3,8D,Brian Drexler,,,,,,,Feature Results,https://www.thethirdturn.com/wiki/Badger_Mod_Tour:2013-05,,
345,19,23,21L,Brad Lautenbach,,,,,,,Feature Results,https://www.thethirdturn.com/wiki/Badger_Mod_Tour:2013-05,,
345,20,12,58,Marcus Yarie,,,,,,,Feature Results,https://www.thethirdturn.com/wiki/Badger_Mod_Tour:2013-05,,
345,21,21,661K,Tyler Hackett,,,,,,,Feature Results,https://www.thethirdturn.com/wiki/Badger_Mod_Tour:2013-05,,
345,22,1,75A,Lance Arneson,,,,,,,Feature Results,https://www.thethirdturn.com/wiki/Badger_Mod_Tour:2013-05,,
345,23,8,5X,Tim Lemirande,,,,,,,Feature Results,https://www.thethirdturn.com/wiki/Badger_Mod_Tour:2013-05,,
345,24,16,72R,Justin Ritchie,,,,,,,Feature Results,https://www.thethirdturn.com/wiki/Badger_Mod_Tour:2013-05,,
346,1,7,74,Mitch McGrath,,,,,,,Feature Results,https://www.thethirdturn.com/wiki/Badger_Mod_Tour:2013-06,,
346,2,5,54,Benji LaCrosse,,,,,,,Feature Results,https://www.thethirdturn.com/wiki/Badger_Mod_Tour:2013-06,,
346,3,3,72,Brian Mullen,,,,,,,Feature Results,https://www.thethirdturn.com/wiki/Badger_Mod_Tour:2013-06,,
346,4,6,81B,Chad Bartel,,,,,,,Feature Results,https://www.thethirdturn.com/wiki/Badger_Mod_Tour:2013-06,,
346,5,13,19,Eric Van Iten,,,,,,,Feature Results,https://www.thethirdturn.com/wiki/Badger_Mod_Tour:2013-06,,
346,6,1,75S,Eric Scribner,,,,,,,Feature Results,https://www.thethirdturn.com/wiki/Badger_Mod_Tour:2013-06,,
346,7,10,1X,Craig Priewe,,,,,,,Feature Results,https://www.thethirdturn.com/wiki/Badger_Mod_Tour:2013-06,,
346,8,2,13,"Eddie Lemay, Jr.",,,,,,,Feature Results,https://www.thethirdturn.com/wiki/Badger_Mod_Tour:2013-06,,
346,9,4,661K,Tyler Hackett,,,,,,,Feature Results,https://www.thethirdturn.com/wiki/Badger_Mod_Tour:2013-06,,
346,10,12,58,Marcus Yarie,,,,,,,Feature Results,https://www.thethirdturn.com/wiki/Badger_Mod_Tour:2013-06,,
346,11,16,10M,Joe McGrath,,,,,,,Feature Results,https://www.thethirdturn.com/wiki/Badger_Mod_Tour:2013-06,,
346,12,14,5X,Tim Lemirande,,,,,,,Feature Results,https://www.thethirdturn.com/wiki/Badger_Mod_Tour:2013-06,,
346,13,15,9M,Eric Mahlik,,,,,,,Feature Results,https://www.thethirdturn.com/wiki/Badger_Mod_Tour:2013-06,,
346,14,11,77,Mike Wedelstadt,,,,,,,Feature Results,https://www.thethirdturn.com/wiki/Badger_Mod_Tour:2013-06,,
346,15,18,9W,Jerry Wilinski,,,,,,,Feature Results,https://www.thethirdturn.com/wiki/Badger_Mod_Tour:2013-06,,
346,16,9,75A,Lance Arneson,,,,,,,Feature Results,https://www.thethirdturn.com/wiki/Badger_Mod_Tour:2013-06,,
346,17,19,42,Jamie Schmidt,,,,,,,Feature Results,https://www.thethirdturn.com/wiki/Badger_Mod_Tour:2013-06,,
346,18,24,21X,Kurt Moeller,,,,,,,Feature Results,https://www.thethirdturn.com/wiki/Badger_Mod_Tour:2013-06,,
346,19,21,65,Dean Maurer,,,,,,,Feature Results,https://www.thethirdturn.com/wiki/Badger_Mod_Tour:2013-06,,
346,20,17,18W,Mark Weisnicht,,,,,,,Feature Results,https://www.thethirdturn.com/wiki/Badger_Mod_Tour:2013-06,,
346,21,23,1Z,Pat Zdroik,,,,,,,Feature Results,https://www.thethirdturn.com/wiki/Badger_Mod_Tour:2013-06,,
346,22,20,5R,Matt Rechek,,,,,,,Feature Results,https://www.thethirdturn.com/wiki/Badger_Mod_Tour:2013-06,,
346,23,8,62,Jeff Steenbergen,,,,,,,Feature Results,https://www.thethirdturn.com/wiki/Badger_Mod_Tour:2013-06,,
346,24,22,21L,Brad Lautenbach,,,,,,,Feature Results,https://www.thethirdturn.com/wiki/Badger_Mod_Tour:2013-06,,
347,1,7,8,Jay Matthias,,,,,,,Feature Results,https://www.thethirdturn.com/wiki/Badger_Mod_Tour:2013-07,,
347,2,6,90K,Shawn Kilgore,,,,,,,Feature Results,https://www.thethirdturn.com/wiki/Badger_Mod_Tour:2013-07,,
347,3,2,13,"Eddie Lemay, Jr.",,,,,,,Feature Results,https://www.thethirdturn.com/wiki/Badger_Mod_Tour:2013-07,,
347,4,18,99,Brad Rohloff,,,,,,,Feature Results,https://www.thethirdturn.com/wiki/Badger_Mod_Tour:2013-07,,
347,5,23,19,Eric Van Iten,,,,,,,Feature Results,https://www.thethirdturn.com/wiki/Badger_Mod_Tour:2013-07,,
347,6,3,11S,Travis Spaulding,,,,,,,Feature Results,https://www.thethirdturn.com/wiki/Badger_Mod_Tour:2013-07,,
347,7,21,10M,Joe McGrath,,,,,,,Feature Results,https://www.thethirdturn.com/wiki/Badger_Mod_Tour:2013-07,,
347,8,5,4K,Kyle Kudick,,,,,,,Feature Results,https://www.thethirdturn.com/wiki/Badger_Mod_Tour:2013-07,,
347,9,22,1X,Craig Priewe,,,,,,,Feature Results,https://www.thethirdturn.com/wiki/Badger_Mod_Tour:2013-07,,
347,10,19,1Z,Pat Zdroik,,,,,,,Feature Results,https://www.thethirdturn.com/wiki/Badger_Mod_Tour:2013-07,,
347,11,11,74A,Eric Arneson,,,,,,,Feature Results,https://www.thethirdturn.com/wiki/Badger_Mod_Tour:2013-07,,
347,12,17,67X,Mike Joski,,,,,,,Feature Results,https://www.thethirdturn.com/wiki/Badger_Mod_Tour:2013-07,,
347,13,9,00,R.M. Van Pay,,,,,,,Feature Results,https://www.thethirdturn.com/wiki/Badger_Mod_Tour:2013-07,,
347,14,14,01L,Josh Long,,,,,,,Feature Results,https://www.thethirdturn.com/wiki/Badger_Mod_Tour:2013-07,,
347,15,24,9M,Eric Mahlik,,,,,,,Feature Results,https://www.thethirdturn.com/wiki/Badger_Mod_Tour:2013-07,,
347,16,4,21L,Brad Lautenbach,,,,,,,Feature Results,https://www.thethirdturn.com/wiki/Badger_Mod_Tour:2013-07,,
347,17,20,75A,Lance Arneson,,,,,,,Feature Results,https://www.thethirdturn.com/wiki/Badger_Mod_Tour:2013-07,,
347,18,15,99X,Jeremy Christians,,,,,,,Feature Results,https://www.thethirdturn.com/wiki/Badger_Mod_Tour:2013-07,,
347,19,12,99M,Mike Mullen,,,,,,,Feature Results,https://www.thethirdturn.com/wiki/Badger_Mod_Tour:2013-07,,
347,20,10,Z84,Dave Zeitler,,,,,,,Feature Results,https://www.thethirdturn.com/wiki/Badger_Mod_Tour:2013-07,,
347,21,13,77,Mike Wedelstadt,,,,,,,Feature Results,https://www.thethirdturn.com/wiki/Badger_Mod_Tour:2013-07,,
347,22,16,9W,Jerry Wilinski,,,,,,,Feature Results,https://www.thethirdturn.com/wiki/Badger_Mod_Tour:2013-07,,
347,23,8,74,Mitch McGrath,,,,,,,Feature Results,https://www.thethirdturn.com/wiki/Badger_Mod_Tour:2013-07,,
347,24,1,25R,Russ Reinwald,,,,,,,Feature Results,https://www.thethirdturn.com/wiki/Badger_Mod_Tour:2013-07,,
334,1,,,Lance Arneson,,,,,,,Feature Results,https://www.thethirdturn.com/wiki/Modified_Nationals:2012-05,,
334,2,,,Mitch McGrath,,,,,,,Feature Results,https://www.thethirdturn.com/wiki/Modified_Nationals:2012-05,,
334,3,,,Russ Reinwald,,,,,,,Feature Results,https://www.thethirdturn.com/wiki/Modified_Nationals:2012-05,,
334,4,,,Brian Mullen,,,,,,,Feature Results,https://www.thethirdturn.com/wiki/Modified_Nationals:2012-05,,
334,5,,,Mike Mullen,,,,,,,Feature Results,https://www.thethirdturn.com/wiki/Modified_Nationals:2012-05,,
334,6,,,Matt Rechek,,,,,,,Feature Results,https://www.thethirdturn.com/wiki/Modified_Nationals:2012-05,,
334,7,,,"Eddie Lemay, Jr.",,,,,,,Feature Results,https://www.thethirdturn.com/wiki/Modified_Nationals:2012-05,,
334,8,,,Tom Schaal,,,,,,,Feature Results,https://www.thethirdturn.com/wiki/Modified_Nationals:2012-05,,
334,9,,,Craig Priewe,,,,,,,Feature Results,https://www.thethirdturn.com/wiki/Modified_Nationals:2012-05,,
334,10,,,Joe McGrath,,,,,,,Feature Results,https://www.thethirdturn.com/wiki/Modified_Nationals:2012-05,,
334,11,,,Scott Kuxhouse,,,,,,,Feature Results,https://www.thethirdturn.com/wiki/Modified_Nationals:2012-05,,
334,12,,,Jason Briese,,,,,,,Feature Results,https://www.thethirdturn.com/wiki/Modified_Nationals:2012-05,,
334,13,,,Kyle Kudick,,,,,,,Feature Results,https://www.thethirdturn.com/wiki/Modified_Nationals:2012-05,,
334,14,,,Jeremy Christians,,,,,,,Feature Results,https://www.thethirdturn.com/wiki/Modified_Nationals:2012-05,,
334,15,,,Chris Carlson,,,,,,,Feature Results,https://www.thethirdturn.com/wiki/Modified_Nationals:2012-05,,
334,16,,,Kyle Frederick,,,,,,,Feature Results,https://www.thethirdturn.com/wiki/Modified_Nationals:2012-05,,
334,17,,,Benji LaCrosse,,,,,,,Feature Results,https://www.thethirdturn.com/wiki/Modified_Nationals:2012-05,,
334,18,,,"Randy Markwardt, Jr.",,,,,,,Feature Results,https://www.thethirdturn.com/wiki/Modified_Nationals:2012-05,,
334,19,,,Noah Schepp,,,,,,,Feature Results,https://www.thethirdturn.com/wiki/Modified_Nationals:2012-05,,
334,20,,,Jared Siefert,,,,,,,Feature Results,https://www.thethirdturn.com/wiki/Modified_Nationals:2012-05,,
334,21,,,Jason Zdroik,,,,,,,Feature Results,https://www.thethirdturn.com/wiki/Modified_Nationals:2012-05,,
334,22,,,Josh Chambers,,,,,,,Feature Results,https://www.thethirdturn.com/wiki/Modified_Nationals:2012-05,,
334,23,,,Tim Lemirande,,,,,,,Feature Results,https://www.thethirdturn.com/wiki/Modified_Nationals:2012-05,,
342,1,2,74,Mitch McGrath,,,,,,,Feature Results,https://www.thethirdturn.com/wiki/Modified_Nationals:2013-04,,
342,2,1,1X,Craig Priewe,,,,,,,Feature Results,https://www.thethirdturn.com/wiki/Modified_Nationals:2013-04,,
342,3,13,19,Eric Van Iten,,,,,,,Feature Results,https://www.thethirdturn.com/wiki/Modified_Nationals:2013-04,,
342,4,11,21L,Brad Lautenbach,,,,,,,Feature Results,https://www.thethirdturn.com/wiki/Modified_Nationals:2013-04,,
342,5,9,75A,Lance Arneson,,,,,,,Feature Results,https://www.thethirdturn.com/wiki/Modified_Nationals:2013-04,,
342,6,7,54,Benji LaCrosse,,,,,,,Feature Results,https://www.thethirdturn.com/wiki/Modified_Nationals:2013-04,,
342,7,19,C12,Chris Carlson,,,,,,,Feature Results,https://www.thethirdturn.com/wiki/Modified_Nationals:2013-04,,
342,8,8,72,Brian Mullen,,,,,,,Feature Results,https://www.thethirdturn.com/wiki/Modified_Nationals:2013-04,,
342,9,5,1Z,Pat Zdroik,,,,,,,Feature Results,https://www.thethirdturn.com/wiki/Modified_Nationals:2013-04,,
342,10,21,9M,Eric Mahlik,,,,,,,Feature Results,https://www.thethirdturn.com/wiki/Modified_Nationals:2013-04,,
342,11,12,3K,Todd Dart,,,,,,,Feature Results,https://www.thethirdturn.com/wiki/Modified_Nationals:2013-04,,
342,12,15,47H,Jason Hyerdall,,,,,,,Feature Results,https://www.thethirdturn.com/wiki/Modified_Nationals:2013-04,,
342,13,17,18W,Mark Weisnicht,,,,,,,Feature Results,https://www.thethirdturn.com/wiki/Modified_Nationals:2013-04,,
342,14,24,75K,Cameron Kuxhouse,,,,,,,Feature Results,https://www.thethirdturn.com/wiki/Modified_Nationals:2013-04,,
342,15,20,28C,Joel Crowbridge,,,,,,,Feature Results,https://www.thethirdturn.com/wiki/Modified_Nationals:2013-04,,
342,16,22,9,Mike Sullivan,,,,,,,Feature Results,https://www.thethirdturn.com/wiki/Modified_Nationals:2013-04,,
342,17,4,84,Phil Rehberg,,,,,,,Feature Results,https://www.thethirdturn.com/wiki/Modified_Nationals:2013-04,,
342,18,23,757,Tony Wedelstadt,,,,,,,Feature Results,https://www.thethirdturn.com/wiki/Modified_Nationals:2013-04,,
342,19,14,24S,Nick Simons,,,,,,,Feature Results,https://www.thethirdturn.com/wiki/Modified_Nationals:2013-04,,
342,20,18,5X,Tim Lemirande,,,,,,,Feature Results,https://www.thethirdturn.com/wiki/Modified_Nationals:2013-04,,
342,21,3,5R,Matt Rechek,,,,,,,Feature Results,https://www.thethirdturn.com/wiki/Modified_Nationals:2013-04,,
342,22,6,40,Brian Crapser,,,,,,,Feature Results,https://www.thethirdturn.com/wiki/Modified_Nationals:2013-04,,
342,23,16,15S,Don Scheffler,,,,,,,Feature Results,https://www.thethirdturn.com/wiki/Modified_Nationals:2013-04,,
342,24,10,08,Johnny Whitman,,,,,,,Feature Results,https://www.thethirdturn.com/wiki/Modified_Nationals:2013-04,,
